Date;Open;High;Low;Close;Adj Close;Volume;Symbol
2013-12-05;5.9;5.95;5.52;5.54;4.305203;38834944;CTT.LS
2013-12-06;5.58;5.59;5.51;5.53;4.297432;4286671;CTT.LS
2013-12-09;5.53;5.82;5.52;5.82;4.5227949999999995;5799700;CTT.LS
2013-12-10;5.74;5.79;5.7;5.7;4.429542;1432007;CTT.LS
2013-12-11;5.69;5.79;5.67;5.77;4.483939;1365946;CTT.LS
2013-12-12;5.75;5.76;5.71;5.74;4.460626;725192;CTT.LS
2013-12-13;5.75;5.76;5.64;5.74;4.460626;798609;CTT.LS
2013-12-16;5.73;5.74;5.68;5.74;4.460626;577978;CTT.LS
2013-12-17;5.71;5.72;5.66;5.68;4.413999;373052;CTT.LS
2013-12-18;5.69;5.7;5.65;5.65;4.390686;593693;CTT.LS
2013-12-19;5.69;5.7;5.63;5.65;4.390686;756180;CTT.LS
2013-12-20;5.62;5.68;5.6;5.62;4.367373000000001;1600582;CTT.LS
2013-12-23;5.64;5.67;5.58;5.6;4.3518300000000005;264645;CTT.LS
2013-12-24;5.6;5.6;5.57;5.59;4.344059;163237;CTT.LS
2013-12-27;5.57;5.6;5.53;5.54;4.305203;1744721;CTT.LS
2013-12-30;5.54;5.56;5.51;5.55;4.312974;1128295;CTT.LS
2013-12-31;5.53;5.59;5.53;5.59;4.344059;263532;CTT.LS
2014-01-02;5.59;5.59;5.52;5.55;4.312974;289254;CTT.LS
2014-01-03;5.56;5.71;5.53;5.71;4.437313;623158;CTT.LS
2014-01-06;5.7;5.75;5.67;5.75;4.468397;466667;CTT.LS
2014-01-07;5.73;5.87;5.7;5.8;4.5072529999999995;1135049;CTT.LS
2014-01-08;5.8;5.96;5.78;5.96;4.631591;2462056;CTT.LS
2014-01-09;5.97;6.05;5.94;6.0;4.662675;3123959;CTT.LS
2014-01-10;5.98;6.01;5.94;5.94;4.616048999999999;750281;CTT.LS
2014-01-13;5.93;6.0;5.93;5.99;4.654904;1446435;CTT.LS
2014-01-14;5.98;5.99;5.92;5.93;4.608276999999999;502337;CTT.LS
2014-01-15;5.94;6.25;5.94;6.25;4.856953;3592249;CTT.LS
2014-01-16;6.33;6.42;6.16;6.25;4.856953;2224262;CTT.LS
2014-01-17;6.23;6.55;6.16;6.55;5.0900870000000005;2748405;CTT.LS
2014-01-20;6.57;6.57;6.4;6.4;4.97352;472771;CTT.LS
2014-01-21;6.42;6.5;6.42;6.42;4.989063;779620;CTT.LS
2014-01-22;6.45;6.45;6.33;6.44;5.004605000000001;815554;CTT.LS
2014-01-23;6.4;6.54;6.4;6.44;5.004605000000001;1100500;CTT.LS
2014-01-24;6.5;6.5;6.26;6.29;4.888038;431916;CTT.LS
2014-01-27;6.28;6.33;6.22;6.28;4.880267;218878;CTT.LS
2014-01-28;6.25;6.47;6.25;6.47;5.027918;810313;CTT.LS
2014-01-29;6.47;6.49;6.35;6.49;5.04346;477821;CTT.LS
2014-01-30;6.48;6.8;6.46;6.78;5.268823;1475738;CTT.LS
2014-01-31;6.73;6.81;6.66;6.81;5.292136;762157;CTT.LS
2014-02-03;6.8;6.9;6.61;6.7;5.206654;784774;CTT.LS
2014-02-04;6.6;6.71;6.6;6.6;5.1289419999999994;748008;CTT.LS
2014-02-05;6.57;6.72;6.57;6.72;5.222196;696718;CTT.LS
2014-02-06;6.68;6.95;6.68;6.91;5.369848;1619453;CTT.LS
2014-02-07;6.91;6.95;6.85;6.94;5.393161;587579;CTT.LS
2014-02-10;6.9;7.13;6.88;7.08;5.501956;818253;CTT.LS
2014-02-11;7.08;7.14;7.01;7.12;5.533041000000001;855616;CTT.LS
2014-02-12;7.12;7.12;6.91;6.91;5.369848;525914;CTT.LS
2014-02-13;6.94;7.0;6.84;6.96;5.408703;830715;CTT.LS
2014-02-14;6.99;7.12;6.96;7.12;5.533041000000001;479795;CTT.LS
2014-02-17;7.12;7.21;7.1;7.15;5.556355;547171;CTT.LS
2014-02-18;7.16;7.2;7.13;7.17;5.571897;437232;CTT.LS
2014-02-19;7.15;7.22;7.12;7.17;5.571897;476250;CTT.LS
2014-02-20;7.13;7.36;7.13;7.25;5.634066000000001;686348;CTT.LS
2014-02-21;7.23;7.4;7.23;7.36;5.719549;773839;CTT.LS
2014-02-24;7.33;7.46;7.31;7.42;5.766175;495022;CTT.LS
2014-02-25;7.46;7.49;7.32;7.33;5.696235;1105926;CTT.LS
2014-02-26;7.32;7.37;7.05;7.05;5.478643;1336494;CTT.LS
2014-02-27;7.07;7.2;6.96;7.18;5.579668;881880;CTT.LS
2014-02-28;7.21;7.3;7.16;7.3;5.672922;435458;CTT.LS
2014-03-03;7.2;7.38;7.11;7.22;5.610753;591597;CTT.LS
2014-03-04;7.23;7.41;7.23;7.34;5.704006;489651;CTT.LS
2014-03-05;7.34;7.4;7.15;7.18;5.579668;569622;CTT.LS
2014-03-06;7.2;7.37;7.2;7.26;5.641837000000001;659565;CTT.LS
2014-03-07;7.24;7.4;7.24;7.28;5.657379;363940;CTT.LS
2014-03-10;7.25;7.3;7.23;7.24;5.626295;358344;CTT.LS
2014-03-11;7.25;7.29;7.13;7.17;5.571897;884276;CTT.LS
2014-03-12;7.16;7.27;7.1;7.17;5.571897;1123796;CTT.LS
2014-03-13;7.2;7.39;7.17;7.34;5.704006;930627;CTT.LS
2014-03-14;7.3;7.33;7.21;7.32;5.688464;449330;CTT.LS
2014-03-17;7.33;7.44;7.33;7.39;5.742862000000001;408336;CTT.LS
2014-03-18;7.45;7.5;7.39;7.44;5.781718;1043786;CTT.LS
2014-03-19;7.46;7.95;7.43;7.82;6.07702;1124220;CTT.LS
2014-03-20;7.8;7.94;7.79;7.86;6.108105;1212785;CTT.LS
2014-03-21;7.89;8.06;7.89;8.0;6.2169;1685552;CTT.LS
2014-03-24;8.02;8.039;7.72;7.78;6.045936;1009632;CTT.LS
2014-03-25;7.796;7.85;7.68;7.82;6.07702;1012111;CTT.LS
2014-03-26;7.84;8.009;7.839;7.978;6.199804;600415;CTT.LS
2014-03-27;7.96;7.98;7.82;7.868;6.1143220000000005;475021;CTT.LS
2014-03-28;7.876;7.98;7.869;7.98;6.201358;773525;CTT.LS
2014-03-31;7.969;7.98;7.937;7.97;6.193587;329500;CTT.LS
2014-04-01;7.97;8.13;7.956;8.05;6.255756;756267;CTT.LS
2014-04-02;8.09;8.2;8.09;8.2;6.372323000000001;790142;CTT.LS
2014-04-03;8.24;8.29;8.1;8.112;6.303937;890953;CTT.LS
2014-04-04;8.15;8.2;8.058;8.093;6.289172;810676;CTT.LS
2014-04-07;8.052;8.088;7.983;8.029;6.239437000000001;655111;CTT.LS
2014-04-08;8.03;8.144;7.77;7.8;6.061478;765054;CTT.LS
2014-04-09;7.85;8.0;7.85;7.942;6.1718269999999995;515406;CTT.LS
2014-04-10;7.972;8.0;7.85;7.85;6.100333;585880;CTT.LS
2014-04-11;7.8;7.8;7.58;7.66;5.952682;910365;CTT.LS
2014-04-14;7.56;7.696;7.35;7.64;5.93714;774661;CTT.LS
2014-04-15;7.63;7.776;7.6;7.662;5.954237;566458;CTT.LS
2014-04-16;7.72;7.767;7.697;7.758;6.028839;402659;CTT.LS
2014-04-17;7.794;7.845;7.747;7.75;6.022622;250083;CTT.LS
2014-04-22;7.75;7.92;7.75;7.878;6.122091999999999;209938;CTT.LS
2014-04-23;7.898;7.935;7.832;7.832;6.086346;136488;CTT.LS
2014-04-24;7.847;7.898;7.824;7.856;6.104996;419784;CTT.LS
2014-04-25;7.817;7.85;7.75;7.755;6.026507;144222;CTT.LS
2014-04-28;7.759;7.8;7.705;7.708;5.989984;399112;CTT.LS
2014-04-29;7.708;7.81;7.701;7.8;6.061478;282732;CTT.LS
2014-04-30;7.75;7.929;7.739;7.929;6.161726;667566;CTT.LS
2014-05-02;7.931;8.05;7.9;8.05;6.255756;379259;CTT.LS
2014-05-05;8.05;8.1;8.002;8.1;6.294612;317039;CTT.LS
2014-05-06;8.13;8.18;8.08;8.138;6.324142;668722;CTT.LS
2014-05-07;8.138;8.178;8.02;8.093;6.289172;470524;CTT.LS
2014-05-08;7.95;7.95;7.6;7.6;5.906055;1959885;CTT.LS
2014-05-09;7.64;7.839;7.55;7.67;5.960454;860443;CTT.LS
2014-05-12;7.632;7.741;7.62;7.659;5.951905;533134;CTT.LS
2014-05-13;7.65;7.65;7.34;7.497;5.826013;1051929;CTT.LS
2014-05-14;7.529;7.532;7.35;7.35;5.711777;483155;CTT.LS
2014-05-15;7.34;7.35;7.05;7.179;5.5788910000000005;879253;CTT.LS
2014-05-16;7.18;7.35;7.18;7.254;5.637175;712177;CTT.LS
2014-05-19;7.0;7.15;6.95;7.13;5.864174;676592;CTT.LS
2014-05-20;7.14;7.199;7.055;7.1;5.839501;490999;CTT.LS
2014-05-21;7.11;7.33;7.05;7.31;6.012218;536570;CTT.LS
2014-05-22;7.315;7.315;7.19;7.21;5.929972;249462;CTT.LS
2014-05-23;7.158;7.215;7.1;7.212;5.931617;287755;CTT.LS
2014-05-26;7.183;7.4;7.155;7.4;6.08624;321130;CTT.LS
2014-05-27;7.4;7.52;7.343;7.52;6.184936;335564;CTT.LS
2014-05-28;7.465;7.575;7.419;7.47;6.143813;372431;CTT.LS
2014-05-29;7.47;7.501;7.38;7.44;6.119139;427499;CTT.LS
2014-05-30;7.479;7.499;7.37;7.43;6.110914;1746171;CTT.LS
2014-06-02;7.431;7.445;7.291;7.372;6.063211;639046;CTT.LS
2014-06-03;7.38;7.38;7.28;7.324;6.023733;383984;CTT.LS
2014-06-04;7.297;7.4;7.25;7.4;6.08624;536266;CTT.LS
2014-06-05;7.399;7.448;7.346;7.438;6.117494000000001;425446;CTT.LS
2014-06-06;7.451;7.652;7.412;7.652;6.293501;817667;CTT.LS
2014-06-09;7.655;7.683;7.5;7.683;6.318998000000001;273058;CTT.LS
2014-06-10;7.649;7.775;7.6;7.735;6.361766;242369;CTT.LS
2014-06-11;7.727;7.751;7.662;7.67;6.308306;211967;CTT.LS
2014-06-12;7.67;7.8;7.655;7.722;6.351074;569662;CTT.LS
2014-06-13;7.769;7.8;7.55;7.68;6.31653;733437;CTT.LS
2014-06-16;7.7;7.798;7.655;7.75;6.374103;326781;CTT.LS
2014-06-17;7.723;7.79;7.72;7.75;6.374103;526824;CTT.LS
2014-06-18;7.785;7.789;7.75;7.774;6.393842;346554;CTT.LS
2014-06-19;7.7;7.88;7.65;7.837;6.445657;1152561;CTT.LS
2014-06-20;7.82;7.82;7.611;7.611;6.25978;1736545;CTT.LS
2014-06-23;7.668;7.68;7.46;7.491;6.161085;450540;CTT.LS
2014-06-24;7.48;7.5;7.302;7.33;6.0286669999999996;410836;CTT.LS
2014-06-25;7.3;7.389;7.13;7.154;5.883914;505096;CTT.LS
2014-06-26;7.01;7.32;6.954;7.188;5.911878;855708;CTT.LS
2014-06-27;7.188;7.238;7.021;7.085;5.827164;506777;CTT.LS
2014-06-30;7.111;7.268;7.09;7.26;5.971096;457351;CTT.LS
2014-07-01;7.262;7.288;7.105;7.223;5.940664;342329;CTT.LS
2014-07-02;7.22;7.22;7.05;7.16;5.888848;265983;CTT.LS
2014-07-03;7.04;7.178;6.93;6.95;5.716131;1055446;CTT.LS
2014-07-04;6.96;6.98;6.77;6.858;5.640464;506353;CTT.LS
2014-07-07;7.0;7.046;6.924;6.995;5.753141;1346641;CTT.LS
2014-07-08;7.016;7.05;6.96;7.032;5.7835730000000005;1119480;CTT.LS
2014-07-09;7.05;7.05;6.92;7.015;5.769591;711675;CTT.LS
2014-07-10;7.015;7.015;6.615;6.813;5.603454;524002;CTT.LS
2014-07-11;6.8;6.98;6.61;6.96;5.724355999999999;778186;CTT.LS
2014-07-14;6.99;7.01;6.9;6.97;5.7325800000000005;857895;CTT.LS
2014-07-15;6.99;7.254;6.98;7.194;5.916812;651055;CTT.LS
2014-07-16;7.2;7.356;7.172;7.3;6.0039940000000005;451686;CTT.LS
2014-07-17;7.3;7.478;7.225;7.445;6.123251;579396;CTT.LS
2014-07-18;7.356;7.359;7.18;7.23;5.946421;640706;CTT.LS
2014-07-21;7.212;7.26;7.089;7.174;5.900363;236575;CTT.LS
2014-07-22;7.24;7.39;7.16;7.33;6.0286669999999996;649008;CTT.LS
2014-07-23;7.34;7.48;7.279;7.48;6.152038;334020;CTT.LS
2014-07-24;7.43;7.579;7.413;7.48;6.152038;311857;CTT.LS
2014-07-25;7.461;7.687;7.4;7.687;6.322287;717531;CTT.LS
2014-07-28;7.69;7.775;7.63;7.7;6.33298;345911;CTT.LS
2014-07-29;7.7;7.769;7.499;7.54;6.201385;373750;CTT.LS
2014-07-30;7.66;7.968;7.66;7.8;6.4152260000000005;2359424;CTT.LS
2014-07-31;7.78;7.97;7.616;7.95;6.538596;838175;CTT.LS
2014-08-01;7.918;7.95;7.712;7.937;6.527904;448324;CTT.LS
2014-08-04;7.91;8.05;7.812;7.99;6.571494;638290;CTT.LS
2014-08-05;8.0;8.1;7.92;7.938;6.528727;504792;CTT.LS
2014-08-06;7.921;7.921;7.58;7.58;6.234284;593561;CTT.LS
2014-08-07;7.554;7.9;7.53;7.77;6.390552;534117;CTT.LS
2014-08-08;7.71;7.71;7.41;7.47;6.143813;386781;CTT.LS
2014-08-11;7.49;7.503;7.12;7.328;6.027023000000001;582483;CTT.LS
2014-08-12;7.333;7.459;7.207;7.41;6.0944650000000005;196453;CTT.LS
2014-08-13;7.43;7.549;7.4;7.448;6.125718;395713;CTT.LS
2014-08-14;7.43;7.65;7.402;7.517;6.182469;331756;CTT.LS
2014-08-15;7.52;7.595;7.51;7.514;6.180001;101372;CTT.LS
2014-08-18;7.55;7.63;7.43;7.58;6.234284;227038;CTT.LS
2014-08-19;7.6;7.644;7.511;7.58;6.234284;247298;CTT.LS
2014-08-20;7.59;7.636;7.531;7.62;6.267182;141143;CTT.LS
2014-08-21;7.594;7.789;7.594;7.752;6.375748000000001;195274;CTT.LS
2014-08-22;7.751;7.93;7.751;7.786;6.403711;455412;CTT.LS
2014-08-25;7.81;7.899;7.75;7.84;6.448125;204771;CTT.LS
2014-08-26;7.811;7.918;7.811;7.899;6.49665;148885;CTT.LS
2014-08-27;7.9;7.95;7.871;7.905;6.5015849999999995;331486;CTT.LS
2014-08-28;7.93;7.93;7.82;7.88;6.481023;266758;CTT.LS
2014-08-29;7.859;7.9;7.793;7.82;6.431675;130138;CTT.LS
2014-09-01;7.79;7.823;7.604;7.611;6.25978;407664;CTT.LS
2014-09-02;7.66;7.679;7.61;7.636;6.280342;125888;CTT.LS
2014-09-03;7.6;7.739;7.562;7.71;6.341204;279716;CTT.LS
2014-09-04;7.67;7.842;7.612;7.81;6.423451;455190;CTT.LS
2014-09-05;7.41;7.575;7.35;7.386;6.074726;10204790;CTT.LS
2014-09-08;7.418;7.53;7.417;7.48;6.152038;1565133;CTT.LS
2014-09-09;7.49;7.49;7.28;7.34;6.036892;1099007;CTT.LS
2014-09-10;7.359;7.365;7.27;7.34;6.036892;1255376;CTT.LS
2014-09-11;7.35;7.371;7.31;7.35;6.045116999999999;519430;CTT.LS
2014-09-12;7.34;7.45;7.32;7.44;6.119139;783529;CTT.LS
2014-09-15;7.421;7.55;7.415;7.55;6.20961;1470955;CTT.LS
2014-09-16;7.555;7.62;7.528;7.62;6.267182;1899641;CTT.LS
2014-09-17;7.65;7.768;7.6;7.762;6.383973;771636;CTT.LS
2014-09-18;7.78;7.9;7.776;7.9;6.497473;1134554;CTT.LS
2014-09-19;7.9;7.96;7.741;7.761;6.38315;809474;CTT.LS
2014-09-22;7.745;7.8;7.62;7.63;6.275407;557499;CTT.LS
2014-09-23;7.657;7.72;7.511;7.514;6.180001;503825;CTT.LS
2014-09-24;7.52;7.556;7.392;7.452;6.129009;467784;CTT.LS
2014-09-25;7.53;7.53;7.425;7.45;6.127363;750833;CTT.LS
2014-09-26;7.499;7.501;7.45;7.48;6.152038;209881;CTT.LS
2014-09-29;7.485;7.679;7.485;7.663;6.302549;494117;CTT.LS
2014-09-30;7.67;7.748;7.62;7.695;6.328867;579010;CTT.LS
2014-10-01;7.707;7.749;7.62;7.65;6.291857;498886;CTT.LS
2014-10-02;7.636;7.661;7.51;7.51;6.176712;482157;CTT.LS
2014-10-03;7.546;7.649;7.525;7.622;6.268828;372582;CTT.LS
2014-10-06;7.63;7.688;7.55;7.579;6.233461;294262;CTT.LS
2014-10-07;7.58;7.58;7.454;7.46;6.135587999999999;411442;CTT.LS
2014-10-08;7.448;7.45;7.312;7.336;6.033601999999999;440497;CTT.LS
2014-10-09;7.38;7.45;7.08;7.12;5.85595;937020;CTT.LS
2014-10-10;7.0;7.33;6.881;7.22;5.938197;1261993;CTT.LS
2014-10-13;7.2;7.379;7.101;7.269;5.978497;480778;CTT.LS
2014-10-14;7.219;7.3;7.125;7.227;5.943954;366829;CTT.LS
2014-10-15;7.255;7.29;6.89;6.983;5.743272;646520;CTT.LS
2014-10-16;6.966;7.08;6.37;6.56;5.39537;3059931;CTT.LS
2014-10-17;6.56;6.81;6.53;6.81;5.600986;990957;CTT.LS
2014-10-20;6.84;6.946;6.7;6.838;5.624015;435034;CTT.LS
2014-10-21;6.87;7.088;6.839;7.08;5.823051;768157;CTT.LS
2014-10-22;7.1;7.15;7.021;7.111;5.848548;434419;CTT.LS
2014-10-23;7.051;7.15;6.85;7.149;5.879802;668879;CTT.LS
2014-10-24;7.07;7.179;7.03;7.096;5.8362110000000005;474241;CTT.LS
2014-10-27;7.146;7.19;7.03;7.12;5.85595;314513;CTT.LS
2014-10-28;7.12;7.245;7.12;7.212;5.931617;536383;CTT.LS
2014-10-29;7.25;7.295;7.097;7.1;5.839501;646551;CTT.LS
2014-10-30;7.15;7.19;6.802;7.14;5.872399;937393;CTT.LS
2014-10-31;7.19;7.471;7.19;7.39;6.078015;1092691;CTT.LS
2014-11-03;7.433;7.5;7.352;7.45;6.127363;663516;CTT.LS
2014-11-04;7.4;7.489;7.307;7.33;6.0286669999999996;731110;CTT.LS
2014-11-05;7.6;7.88;7.55;7.88;6.481023;3028879;CTT.LS
2014-11-06;7.815;7.87;7.656;7.78;6.398777;1081669;CTT.LS
2014-11-07;7.75;7.781;7.5;7.63;6.275407;1137994;CTT.LS
2014-11-10;7.506;7.649;7.506;7.579;6.233461;365460;CTT.LS
2014-11-11;7.565;7.63;7.51;7.55;6.20961;416585;CTT.LS
2014-11-12;7.52;7.602;7.42;7.481;6.1528599999999996;580385;CTT.LS
2014-11-13;7.416;7.559;7.397;7.471;6.144635;415644;CTT.LS
2014-11-14;7.48;7.49;7.4;7.45;6.127363;305086;CTT.LS
2014-11-17;7.39;7.55;7.371;7.431;6.111737000000001;357654;CTT.LS
2014-11-18;7.45;7.5;7.406;7.48;6.152038;286413;CTT.LS
2014-11-19;7.45;7.535;7.434;7.534;6.19645;414671;CTT.LS
2014-11-20;7.501;7.6;7.46;7.6;6.250733;706904;CTT.LS
2014-11-21;7.565;7.782;7.565;7.744;6.369168;642180;CTT.LS
2014-11-24;7.75;7.782;7.679;7.73;6.357654;323753;CTT.LS
2014-11-25;7.718;7.771;7.528;7.58;6.234284;1206697;CTT.LS
2014-11-26;7.612;7.64;7.06;7.1;5.839501;2695485;CTT.LS
2014-11-27;7.409;7.528;7.35;7.49;6.160262;1416415;CTT.LS
2014-11-28;7.5;7.74;7.227;7.65;6.291857;1334892;CTT.LS
2014-12-01;7.66;7.705;7.516;7.634;6.278697;415604;CTT.LS
2014-12-02;7.584;7.709;7.583;7.683;6.318998000000001;312411;CTT.LS
2014-12-03;7.694;7.7;7.625;7.682;6.318175;328587;CTT.LS
2014-12-04;7.64;7.696;7.528;7.611;6.25978;423964;CTT.LS
2014-12-05;7.613;7.8;7.613;7.8;6.4152260000000005;595692;CTT.LS
2014-12-08;7.701;7.84;7.699;7.835;6.444013;256803;CTT.LS
2014-12-09;7.802;7.952;7.75;7.798;6.413581;916016;CTT.LS
2014-12-10;7.808;7.842;7.73;7.775;6.394665;479419;CTT.LS
2014-12-11;7.751;7.775;7.62;7.756;6.3790379999999995;315582;CTT.LS
2014-12-12;7.656;7.837;7.58;7.778;6.397131;909427;CTT.LS
2014-12-15;7.778;7.9;7.721;7.738;6.3642330000000005;693951;CTT.LS
2014-12-16;7.72;7.846;7.63;7.785;6.402889;582485;CTT.LS
2014-12-17;7.777;7.83;7.607;7.67;6.308306;962032;CTT.LS
2014-12-18;7.8;8.1;7.75;8.05;6.620842;1582094;CTT.LS
2014-12-19;8.022;8.09;7.963;8.0;6.579719;933079;CTT.LS
2014-12-22;8.075;8.096;7.99;8.067;6.634825;436801;CTT.LS
2014-12-23;8.04;8.1;8.023;8.089;6.652918;282472;CTT.LS
2014-12-24;8.089;8.095;8.051;8.08;6.645516000000001;67584;CTT.LS
2014-12-29;7.95;8.093;7.917;8.055;6.624955;317436;CTT.LS
2014-12-30;8.0;8.08;7.933;7.98;6.563269999999999;470136;CTT.LS
2014-12-31;8.01;8.03;7.938;8.017;6.593700999999999;121675;CTT.LS
2015-01-02;7.977;8.148;7.977;8.101;6.662788000000001;239136;CTT.LS
2015-01-05;8.097;8.2;8.065;8.082;6.647161;773237;CTT.LS
2015-01-06;8.08;8.19;8.068;8.08;6.645516000000001;885942;CTT.LS
2015-01-07;8.086;8.24;8.075;8.199;6.74339;694915;CTT.LS
2015-01-08;8.245;8.35;8.243;8.32;6.842907;639032;CTT.LS
2015-01-09;8.329;8.448;8.308;8.395;6.904592999999999;722529;CTT.LS
2015-01-12;8.369;8.49;8.301;8.461;6.958875999999999;521765;CTT.LS
2015-01-13;8.451;8.576;8.364;8.4;6.908705;761791;CTT.LS
2015-01-14;8.3;8.6;8.3;8.566;7.045234;1145390;CTT.LS
2015-01-15;8.6;8.713;8.375;8.46;6.958053;680062;CTT.LS
2015-01-16;8.455;8.656;8.395;8.63;7.097872;688576;CTT.LS
2015-01-19;8.63;8.698;8.522;8.698;7.1538;423018;CTT.LS
2015-01-20;8.69;8.72;8.443;8.491;6.98355;735917;CTT.LS
2015-01-21;8.491;8.61;8.37;8.59;7.064972999999999;700912;CTT.LS
2015-01-22;8.61;8.98;8.61;8.926;7.341321000000001;1103724;CTT.LS
2015-01-23;8.98;9.17;8.965;8.99;7.393960000000001;995680;CTT.LS
2015-01-26;8.989;9.198;8.84;9.12;7.50088;579934;CTT.LS
2015-01-27;9.15;9.281;9.04;9.058;7.449886;556071;CTT.LS
2015-01-28;9.12;9.21;9.01;9.21;7.574902000000001;758894;CTT.LS
2015-01-29;9.19;9.419;9.067;9.35;7.690047;998199;CTT.LS
2015-01-30;9.403;9.5;9.271;9.35;7.690047;707887;CTT.LS
2015-02-02;9.3;9.35;9.154;9.24;7.599576;887424;CTT.LS
2015-02-03;9.308;9.516;9.29;9.4;7.73117;603315;CTT.LS
2015-02-04;9.401;9.482;9.285;9.448;7.7706479999999996;262515;CTT.LS
2015-02-05;9.4;9.508;9.364;9.453;7.774761;260775;CTT.LS
2015-02-06;9.402;9.473;9.32;9.437;7.761602000000001;208251;CTT.LS
2015-02-09;9.382;9.406;8.965;9.011;7.411231;443050;CTT.LS
2015-02-10;8.97;9.252;8.895;9.21;7.574902000000001;491818;CTT.LS
2015-02-11;9.21;9.267;9.136;9.19;7.558452000000001;165433;CTT.LS
2015-02-12;9.249;9.399;9.171;9.342;7.683466;344323;CTT.LS
2015-02-13;9.364;9.479;9.34;9.45;7.7722929999999995;396361;CTT.LS
2015-02-16;9.479;9.5;9.36;9.409;7.7385720000000005;320733;CTT.LS
2015-02-17;9.347;9.496;9.331;9.39;7.722946;364255;CTT.LS
2015-02-18;9.444;9.716;9.41;9.68;7.961461;524953;CTT.LS
2015-02-19;9.65;9.65;9.33;9.38;7.714721000000001;976400;CTT.LS
2015-02-20;9.32;9.539;9.32;9.428;7.7542;466346;CTT.LS
2015-02-23;9.45;9.519;9.372;9.412;7.741039;272369;CTT.LS
2015-02-24;9.38;9.65;9.38;9.588;7.885793;672204;CTT.LS
2015-02-25;9.6;9.815;9.6;9.723;7.9968259999999995;408001;CTT.LS
2015-02-26;9.73;9.987;9.73;9.987;8.213958;482003;CTT.LS
2015-02-27;9.99;10.025;9.88;9.935;8.171188;466281;CTT.LS
2015-03-02;9.94;10.015;9.885;9.927;8.164609;310366;CTT.LS
2015-03-03;9.875;9.998;9.58;9.634;7.923627000000001;477197;CTT.LS
2015-03-04;9.74;9.768;9.56;9.66;7.945011;422235;CTT.LS
2015-03-05;9.55;9.55;9.082;9.25;7.6078;3033954;CTT.LS
2015-03-06;9.251;9.449;9.165;9.379;7.7138979999999995;1591304;CTT.LS
2015-03-09;9.353;9.367;9.18;9.223;7.585592999999999;681535;CTT.LS
2015-03-10;9.292;9.308;9.109;9.194;7.561742;675143;CTT.LS
2015-03-11;9.26;9.344;9.194;9.265;7.620138000000001;690106;CTT.LS
2015-03-12;9.3;9.52;9.247;9.52;7.829866;1247324;CTT.LS
2015-03-13;9.5;9.54;9.415;9.507;7.819174;733430;CTT.LS
2015-03-16;9.5;9.64;9.5;9.632;7.921982000000001;675333;CTT.LS
2015-03-17;9.65;9.829;9.563;9.735;8.006695;730429;CTT.LS
2015-03-18;9.713;9.795;9.633;9.642;7.930206;439735;CTT.LS
2015-03-19;9.62;9.75;9.589;9.697;7.975441;282901;CTT.LS
2015-03-20;9.631;9.793;9.615;9.793;8.054399;1068801;CTT.LS
2015-03-23;9.793;9.842;9.666;9.842;8.0947;623910;CTT.LS
2015-03-24;9.842;9.898;9.764;9.866;8.114438;655763;CTT.LS
2015-03-25;9.866;9.889;9.712;9.75;8.019032000000001;342351;CTT.LS
2015-03-26;9.698;9.75;9.5;9.734;8.005874;442625;CTT.LS
2015-03-27;9.81;9.85;9.66;9.78;8.043706;362946;CTT.LS
2015-03-30;9.81;9.95;9.81;9.94;8.175301;348744;CTT.LS
2015-03-31;9.97;10.185;9.893;9.983;8.210666999999999;767951;CTT.LS
2015-04-01;9.94;10.205;9.94;10.205;8.393253999999999;663603;CTT.LS
2015-04-02;10.21;10.28;10.13;10.28;8.454939;414470;CTT.LS
2015-04-07;10.28;10.36;10.235;10.33;8.496062;456712;CTT.LS
2015-04-08;10.335;10.44;10.285;10.43;8.578308999999999;588791;CTT.LS
2015-04-09;10.41;10.6;10.38;10.43;8.578308999999999;628740;CTT.LS
2015-04-10;10.44;10.45;10.3;10.355;8.516623;393716;CTT.LS
2015-04-13;10.36;10.375;10.285;10.375;8.533072;307808;CTT.LS
2015-04-14;10.445;10.64;10.375;10.415;8.565972;944437;CTT.LS
2015-04-15;10.42;10.47;10.255;10.305;8.4755;491649;CTT.LS
2015-04-16;10.34;10.34;10.05;10.19;8.380917;329186;CTT.LS
2015-04-17;10.235;10.33;9.96;9.997;8.222180999999999;378943;CTT.LS
2015-04-20;10.03;10.175;9.91;10.07;8.282221;451119;CTT.LS
2015-04-21;10.09;10.32;10.09;10.32;8.487838;540348;CTT.LS
2015-04-22;10.34;10.39;10.195;10.26;8.43849;362152;CTT.LS
2015-04-23;10.21;10.285;9.965;10.02;8.241098;291855;CTT.LS
2015-04-24;10.06;10.125;9.98;10.045;8.261660000000001;270687;CTT.LS
2015-04-27;10.04;10.165;9.97;10.135;8.335683;221560;CTT.LS
2015-04-28;10.185;10.3;10.1;10.21;8.397367;266544;CTT.LS
2015-04-29;10.265;10.265;9.931;10.02;8.241098;419012;CTT.LS
2015-04-30;10.02;10.075;9.96;10.075;8.286333;599753;CTT.LS
2015-05-04;10.155;10.55;10.155;10.375;8.533072;484984;CTT.LS
2015-05-05;10.425;10.425;10.055;10.08;8.290446000000001;513421;CTT.LS
2015-05-06;10.16;10.2;9.9;10.03;8.249323;622786;CTT.LS
2015-05-07;10.03;10.135;9.783;10.135;8.335683;489899;CTT.LS
2015-05-08;10.145;10.265;10.09;10.24;8.422039999999999;384460;CTT.LS
2015-05-11;10.2;10.285;10.13;10.17;8.364467999999999;310348;CTT.LS
2015-05-12;10.11;10.2;9.95;10.1;8.306894999999999;538849;CTT.LS
2015-05-13;10.1;10.23;10.1;10.2;8.389142;276931;CTT.LS
2015-05-14;10.27;10.3;10.005;10.13;8.33157;507421;CTT.LS
2015-05-15;10.19;10.2;10.065;10.145;8.343907000000002;308109;CTT.LS
2015-05-18;10.15;10.18;10.11;10.145;8.343907000000002;298167;CTT.LS
2015-05-19;10.17;10.26;10.15;10.21;8.397367;454236;CTT.LS
2015-05-20;10.21;10.29;10.125;10.15;8.348019;486710;CTT.LS
2015-05-21;10.115;10.26;10.03;10.095;8.302783;379466;CTT.LS
2015-05-22;10.11;10.11;9.94;10.015;8.236986;833725;CTT.LS
2015-05-25;10.015;10.105;9.866;9.923;8.16132;409504;CTT.LS
2015-05-26;9.95;10.0;9.74;9.81;8.06838;755453;CTT.LS
2015-05-27;9.45;9.55;9.355;9.45;8.159037;820533;CTT.LS
2015-05-28;9.75;9.75;9.33;9.41;8.124500999999999;969674;CTT.LS
2015-05-29;9.36;9.42;9.18;9.2;7.943189;696643;CTT.LS
2015-06-01;9.195;9.33;9.159;9.283;8.014851;541788;CTT.LS
2015-06-02;9.344;9.59;9.27;9.324;8.050249;712564;CTT.LS
2015-06-03;9.4;9.419;9.27;9.38;8.098599;387999;CTT.LS
2015-06-04;9.36;9.458;9.264;9.417;8.130545;317673;CTT.LS
2015-06-05;9.36;9.42;9.253;9.296;8.026073;785007;CTT.LS
2015-06-08;9.272;9.347;9.2;9.205;7.9475050000000005;443575;CTT.LS
2015-06-09;9.162;9.242;8.936;9.242;7.979450999999999;435033;CTT.LS
2015-06-10;9.257;9.564;9.177;9.564;8.257463000000001;513382;CTT.LS
2015-06-11;9.56;9.72;9.5;9.635;8.318764;460713;CTT.LS
2015-06-12;9.63;9.63;9.381;9.519;8.218611;406360;CTT.LS
2015-06-15;9.41;9.47;9.281;9.359;8.080468;432979;CTT.LS
2015-06-16;9.231;9.255;9.015;9.23;7.96909;463947;CTT.LS
2015-06-17;9.2;9.287;9.16;9.205;7.9475050000000005;433681;CTT.LS
2015-06-18;9.159;9.2;9.079;9.162;7.91038;336855;CTT.LS
2015-06-19;9.17;9.4;9.16;9.266;8.000172000000001;796405;CTT.LS
2015-06-22;9.41;9.478;9.3;9.44;8.150402;373375;CTT.LS
2015-06-23;9.534;9.723;9.44;9.674;8.352435;467379;CTT.LS
2015-06-24;9.69;9.69;9.412;9.581;8.272141;421293;CTT.LS
2015-06-25;9.46;9.65;9.441;9.585;8.275595;349965;CTT.LS
2015-06-26;9.567;9.593;9.519;9.593;8.282501;238734;CTT.LS
2015-06-29;9.018;9.4;8.936;9.224;7.96391;663266;CTT.LS
2015-06-30;9.17;9.425;9.01;9.254;7.989812;393614;CTT.LS
2015-07-01;9.28;9.509;9.28;9.324;8.050249;388879;CTT.LS
2015-07-02;9.32;9.36;9.17;9.233;7.971680999999999;277958;CTT.LS
2015-07-03;9.334;9.45;9.18;9.391;8.108096000000002;386944;CTT.LS
2015-07-06;9.162;9.237;8.94;8.967;7.742019;513912;CTT.LS
2015-07-07;8.965;9.119;8.85;8.897;7.681582000000001;515629;CTT.LS
2015-07-08;8.94;8.962;8.8;8.8;7.5978330000000005;500161;CTT.LS
2015-07-09;8.9;9.11;8.85;9.11;7.865483;591364;CTT.LS
2015-07-10;9.2;9.5;9.154;9.412;8.126227;495525;CTT.LS
2015-07-13;9.4;9.6;9.393;9.599;8.287682;369521;CTT.LS
2015-07-14;9.6;9.669;9.486;9.523;8.222064;210851;CTT.LS
2015-07-15;9.5;9.512;9.335;9.512;8.212567;555491;CTT.LS
2015-07-16;9.57;9.7;9.569;9.7;8.374884;252284;CTT.LS
2015-07-17;9.71;9.719;9.6;9.621;8.306677;151135;CTT.LS
2015-07-20;9.61;9.697;9.604;9.615;8.301496;142296;CTT.LS
2015-07-21;9.59;9.59;9.416;9.498;8.200479;310912;CTT.LS
2015-07-22;9.508;9.508;9.301;9.404;8.11932;498041;CTT.LS
2015-07-23;9.435;9.469;9.33;9.339;8.0632;264108;CTT.LS
2015-07-24;9.37;9.38;9.25;9.326;8.051976;296044;CTT.LS
2015-07-27;9.319;9.319;9.111;9.17;7.917287;555245;CTT.LS
2015-07-28;9.2;9.279;9.11;9.14;7.891386;294019;CTT.LS
2015-07-29;9.15;9.212;9.021;9.212;7.953549000000001;253636;CTT.LS
2015-07-30;9.216;9.523;9.216;9.426;8.138314;489264;CTT.LS
2015-07-31;9.45;9.45;9.27;9.4;8.115867;309135;CTT.LS
2015-08-03;9.43;9.571;9.3;9.561;8.254872;265749;CTT.LS
2015-08-04;9.52;9.589;9.47;9.482;8.186666;351307;CTT.LS
2015-08-05;9.55;9.634;9.527;9.629;8.313583;201005;CTT.LS
2015-08-06;9.56;9.624;9.455;9.489;8.192708999999999;187999;CTT.LS
2015-08-07;9.451;9.471;9.29;9.297;8.026937;299523;CTT.LS
2015-08-10;9.38;9.51;9.328;9.478;8.18321;163482;CTT.LS
2015-08-11;9.478;9.48;9.19;9.203;7.945778999999999;448739;CTT.LS
2015-08-12;9.137;9.47;9.06;9.311;8.039025;523576;CTT.LS
2015-08-13;9.411;9.451;9.31;9.42;8.133135000000001;237166;CTT.LS
2015-08-14;9.45;9.454;9.263;9.295;8.025210000000001;356816;CTT.LS
2015-08-17;9.336;9.423;9.336;9.407;8.12191;192462;CTT.LS
2015-08-18;9.407;9.624;9.371;9.586;8.276458;298580;CTT.LS
2015-08-19;9.52;9.588;9.423;9.481;8.185802;192851;CTT.LS
2015-08-20;9.48;9.541;9.35;9.354;8.076151;264711;CTT.LS
2015-08-21;9.34;9.38;9.093;9.239;7.976861;599653;CTT.LS
2015-08-24;9.008;9.008;8.12;8.881;7.6677669999999996;750799;CTT.LS
2015-08-25;8.988;9.58;8.947;9.546;8.241921000000001;924659;CTT.LS
2015-08-26;9.393;9.401;9.182;9.257;7.992402;574381;CTT.LS
2015-08-27;9.426;9.47;9.35;9.375;8.094282000000002;274538;CTT.LS
2015-08-28;9.327;9.401;9.211;9.261;7.995855000000001;273165;CTT.LS
2015-08-31;9.246;9.262;9.138;9.234;7.972544;295478;CTT.LS
2015-09-01;9.154;9.229;9.069;9.192;7.936282;398587;CTT.LS
2015-09-02;9.249;9.28;9.125;9.13;7.882751;292251;CTT.LS
2015-09-03;9.19;9.345;9.128;9.334;8.058883;229265;CTT.LS
2015-09-04;9.45;9.462;9.265;9.31;8.038162;355562;CTT.LS
2015-09-07;9.31;9.349;9.22;9.289;8.02003;139255;CTT.LS
2015-09-08;9.3;9.381;9.251;9.3;8.029529;212716;CTT.LS
2015-09-09;9.4;9.408;9.221;9.262;7.996719000000001;267414;CTT.LS
2015-09-10;9.252;9.432;9.15;9.421;8.133998;359036;CTT.LS
2015-09-11;9.416;9.594;9.36;9.45;8.159037;529937;CTT.LS
2015-09-14;9.5;9.73;9.434;9.65;8.331714999999999;481121;CTT.LS
2015-09-15;9.649;9.72;9.5;9.657;8.337758000000001;285813;CTT.LS
2015-09-16;9.7;9.94;9.635;9.85;8.504392999999999;451677;CTT.LS
2015-09-17;9.84;9.977;9.727;9.972;8.609726;285241;CTT.LS
2015-09-18;9.87;9.969;9.834;9.932;8.575191;424498;CTT.LS
2015-09-21;9.932;10.12;9.895;10.11;8.728873;369764;CTT.LS
2015-09-22;10.1;10.125;9.988;10.11;8.728873;585761;CTT.LS
2015-09-23;10.11;10.13;9.9;9.971;8.608863000000001;538173;CTT.LS
2015-09-24;10.0;10.085;9.86;9.937;8.579508;358368;CTT.LS
2015-09-25;10.015;10.2;9.99;10.18;8.789311;417343;CTT.LS
2015-09-28;10.18;10.195;10.055;10.115;8.733191;267605;CTT.LS
2015-09-29;10.06;10.085;9.884;9.901;8.548426;512859;CTT.LS
2015-09-30;10.0;10.035;9.905;9.969;8.607136;446144;CTT.LS
2015-10-01;10.025;10.11;9.888;9.95;8.590731;384739;CTT.LS
2015-10-02;10.0;10.09;9.973;10.09;8.711606;289955;CTT.LS
2015-10-05;10.17;10.32;10.165;10.25;8.849749000000001;651375;CTT.LS
2015-10-06;10.25;10.305;10.215;10.255;8.854066;588164;CTT.LS
2015-10-07;10.24;10.265;10.05;10.05;8.677071;459749;CTT.LS
2015-10-08;10.05;10.15;10.03;10.08;8.702972;475020;CTT.LS
2015-10-09;10.14;10.245;10.0;10.135;8.750459;433607;CTT.LS
2015-10-12;10.115;10.155;10.01;10.04;8.668436;181455;CTT.LS
2015-10-13;10.02;10.02;9.761;9.8;8.461223;482307;CTT.LS
2015-10-14;9.79;9.9;9.747;9.822;8.480217;234897;CTT.LS
2015-10-15;9.849;9.951;9.834;9.935;8.577781;206150;CTT.LS
2015-10-16;9.978;10.08;9.951;10.01;8.642535;260843;CTT.LS
2015-10-19;9.993;10.14;9.993;10.14;8.754776;237395;CTT.LS
2015-10-20;10.135;10.24;10.085;10.24;8.841115;269341;CTT.LS
2015-10-21;10.235;10.235;9.99;10.0;8.633902;426475;CTT.LS
2015-10-22;10.0;10.015;9.887;9.983;8.619224;391708;CTT.LS
2015-10-23;10.0;10.125;9.99;10.065;8.690022;329696;CTT.LS
2015-10-26;10.025;10.29;10.015;10.28;8.875649000000001;357701;CTT.LS
2015-10-27;10.29;10.29;10.08;10.175;8.784995;277561;CTT.LS
2015-10-28;10.16;10.285;10.135;10.24;8.841115;255141;CTT.LS
2015-10-29;10.28;10.45;10.27;10.35;8.936088;414477;CTT.LS
2015-10-30;10.39;10.405;10.21;10.335;8.923136999999999;324335;CTT.LS
2015-11-02;10.2;10.395;10.2;10.35;8.936088;213040;CTT.LS
2015-11-03;10.38;10.455;10.33;10.43;9.005158999999999;203682;CTT.LS
2015-11-04;10.45;10.49;10.385;10.49;9.056962;316871;CTT.LS
2015-11-05;9.7;9.842;9.351;9.5;8.202206;4680252;CTT.LS
2015-11-06;9.516;9.647;9.4;9.541;8.237605;1243737;CTT.LS
2015-11-09;9.491;9.491;9.1;9.1;7.85685;1380808;CTT.LS
2015-11-10;9.05;9.09;8.88;9.08;7.839582000000001;1620307;CTT.LS
2015-11-11;9.04;9.22;9.024;9.07;7.830947999999999;736297;CTT.LS
2015-11-12;9.044;9.18;9.01;9.062;7.824041;501616;CTT.LS
2015-11-13;9.015;9.052;8.955;8.98;7.753242999999999;596750;CTT.LS
2015-11-16;8.96;9.168;8.9;9.06;7.822315;968144;CTT.LS
2015-11-17;9.16;9.18;9.11;9.163;7.911244;710768;CTT.LS
2015-11-18;9.03;9.153;8.974;9.052;7.815407;1204933;CTT.LS
2015-11-19;9.11;9.13;8.52;8.551;7.382847999999999;2202371;CTT.LS
2015-11-20;8.63;8.772;8.451;8.65;7.468324000000001;1264542;CTT.LS
2015-11-23;8.66;8.738;8.23;8.31;7.174772;931607;CTT.LS
2015-11-24;8.345;8.359;8.066;8.279;7.148007000000001;1365539;CTT.LS
2015-11-25;8.34;8.36;8.2;8.307;7.172182;783683;CTT.LS
2015-11-26;8.326;8.76;8.205;8.754;7.558116;1020113;CTT.LS
2015-11-27;8.768;8.857;8.573;8.827;7.621144;785643;CTT.LS
2015-11-30;8.83;8.83;8.71;8.758;7.561571000000001;396675;CTT.LS
2015-12-01;8.73;8.89;8.684;8.765;7.567614999999999;459056;CTT.LS
2015-12-02;8.8;8.876;8.74;8.85;7.6410029999999995;449154;CTT.LS
2015-12-03;8.85;8.964;8.761;8.85;7.6410029999999995;726325;CTT.LS
2015-12-04;8.81;8.847;8.652;8.741;7.546892999999999;583961;CTT.LS
2015-12-07;8.75;8.839;8.743;8.79;7.589199000000001;453191;CTT.LS
2015-12-08;8.742;8.78;8.61;8.65;7.468324000000001;449419;CTT.LS
2015-12-09;8.63;8.697;8.47;8.519;7.355221;754107;CTT.LS
2015-12-10;8.5;8.59;8.47;8.52;7.356083;310933;CTT.LS
2015-12-11;8.55;8.614;8.41;8.451;7.2965100000000005;501728;CTT.LS
2015-12-14;8.46;8.546;8.399;8.457;7.30169;355512;CTT.LS
2015-12-15;8.464;8.517;8.348;8.468;7.3111880000000005;515134;CTT.LS
2015-12-16;8.47;8.565;8.405;8.5;7.3388160000000005;485582;CTT.LS
2015-12-17;8.61;8.742;8.552;8.719;7.5278979999999995;413668;CTT.LS
2015-12-18;8.69;8.8;8.68;8.749;7.5538;497690;CTT.LS
2015-12-21;8.75;8.8;8.685;8.685;7.498544;193785;CTT.LS
2015-12-22;8.68;8.77;8.551;8.566;7.3958;238660;CTT.LS
2015-12-23;8.55;8.679;8.55;8.66;7.476958;253018;CTT.LS
2015-12-24;8.68;8.741;8.65;8.741;7.546892999999999;41817;CTT.LS
2015-12-28;8.74;8.81;8.74;8.805;7.60215;185682;CTT.LS
2015-12-29;8.79;8.931;8.79;8.931;7.7109369999999995;248037;CTT.LS
2015-12-30;8.903;8.95;8.795;8.86;7.649636;281603;CTT.LS
2015-12-31;8.91;8.91;8.813;8.854;7.644456;123728;CTT.LS
2016-01-04;8.8;8.8;8.65;8.73;7.537395;444549;CTT.LS
2016-01-05;8.707;8.744;8.59;8.68;7.494225999999999;464764;CTT.LS
2016-01-06;8.72;8.72;8.41;8.44;7.287012;569143;CTT.LS
2016-01-07;8.3;8.38;8.161;8.362;7.2196679999999995;587296;CTT.LS
2016-01-08;8.39;8.473;8.366;8.379;7.234344999999999;401183;CTT.LS
2016-01-11;8.38;8.38;8.2;8.27;7.140236;223052;CTT.LS
2016-01-12;8.314;8.449;8.3;8.358;7.216214;318060;CTT.LS
2016-01-13;8.402;8.44;8.27;8.326;7.188586;479228;CTT.LS
2016-01-14;8.243;8.243;7.917;7.965;6.8769029999999995;1214992;CTT.LS
2016-01-15;7.97;8.015;7.553;7.7;6.648103999999999;1666086;CTT.LS
2016-01-18;7.663;7.793;7.387;7.387;6.377862;1234892;CTT.LS
2016-01-19;7.5;7.64;7.461;7.53;6.501328;690097;CTT.LS
2016-01-20;7.436;7.674;7.3;7.475;6.453841000000001;923275;CTT.LS
2016-01-21;7.473;7.67;7.45;7.628;6.585939;1002965;CTT.LS
2016-01-22;7.74;8.257;7.68;8.022;6.926116;1394022;CTT.LS
2016-01-25;8.064;8.1;7.924;7.973;6.88381;335669;CTT.LS
2016-01-26;7.863;8.099;7.8;8.052;6.952017;413557;CTT.LS
2016-01-27;8.052;8.147;7.974;8.117;7.008137;250036;CTT.LS
2016-01-28;8.094;8.148;7.96;8.025;6.928705;267781;CTT.LS
2016-01-29;8.066;8.102;7.902;8.0;6.907121000000001;362802;CTT.LS
2016-02-01;8.04;8.075;7.93;8.059;6.958061;382337;CTT.LS
2016-02-02;8.058;8.07;7.845;7.934;6.850136999999999;416304;CTT.LS
2016-02-03;7.892;7.929;7.745;7.84;6.768978999999999;257743;CTT.LS
2016-02-04;7.882;7.932;7.686;7.83;6.760345;276863;CTT.LS
2016-02-05;7.886;7.936;7.765;7.791;6.726672;129579;CTT.LS
2016-02-08;7.791;7.791;7.32;7.435;6.4193050000000005;885569;CTT.LS
2016-02-09;7.381;7.473;7.242;7.321;6.320879;457303;CTT.LS
2016-02-10;7.339;7.536;7.237;7.41;6.39772;433200;CTT.LS
2016-02-11;7.35;7.39;7.063;7.147;6.170649;619214;CTT.LS
2016-02-12;7.233;7.273;7.14;7.19;6.207775;321530;CTT.LS
2016-02-15;7.271;7.456;7.268;7.43;6.414989;291395;CTT.LS
2016-02-16;7.495;7.544;7.323;7.421;6.407218;217069;CTT.LS
2016-02-17;7.481;7.538;7.44;7.499;6.474563;335460;CTT.LS
2016-02-18;7.512;7.62;7.497;7.553;6.521185;385002;CTT.LS
2016-02-19;7.451;7.506;7.4;7.45;6.432256;263035;CTT.LS
2016-02-22;7.45;7.561;7.4;7.45;6.432256;278395;CTT.LS
2016-02-23;7.41;7.43;7.189;7.233;6.2449010000000005;508107;CTT.LS
2016-02-24;7.2;7.2;6.93;6.965;6.013512;760017;CTT.LS
2016-02-25;7.09;7.09;6.995;7.05;6.0869;620273;CTT.LS
2016-02-26;7.118;7.251;7.101;7.14;6.164605;334108;CTT.LS
2016-02-29;7.079;7.12;6.97;7.071;6.105030999999999;953977;CTT.LS
2016-03-01;7.086;7.219;7.041;7.184;6.202594;490084;CTT.LS
2016-03-02;7.246;7.26;7.1;7.218;6.23195;513604;CTT.LS
2016-03-03;7.25;7.41;7.22;7.35;6.345917;608046;CTT.LS
2016-03-04;7.399;7.715;7.399;7.603;6.564355;678325;CTT.LS
2016-03-07;7.605;7.65;7.52;7.636;6.592847;209042;CTT.LS
2016-03-08;7.615;7.64;7.558;7.599;6.560900999999999;392179;CTT.LS
2016-03-09;7.628;7.745;7.579;7.733;6.676595;348319;CTT.LS
2016-03-10;7.745;7.975;7.671;7.807;6.740487;821447;CTT.LS
2016-03-11;7.861;7.99;7.836;7.852;6.779339;535459;CTT.LS
2016-03-14;7.904;7.968;7.83;7.935;6.851;443960;CTT.LS
2016-03-15;7.926;7.926;7.814;7.82;6.751710000000001;367750;CTT.LS
2016-03-16;7.95;8.33;7.944;8.257;7.1290119999999995;1207134;CTT.LS
2016-03-17;8.342;8.54;8.268;8.504;7.342269;925797;CTT.LS
2016-03-18;8.523;8.633;8.516;8.599;7.4242919999999994;1143696;CTT.LS
2016-03-21;8.6;8.725;8.6;8.651;7.469187;522896;CTT.LS
2016-03-22;8.658;8.664;8.46;8.505;7.343132000000001;602726;CTT.LS
2016-03-23;8.584;8.584;8.362;8.411;7.261974;470351;CTT.LS
2016-03-24;8.407;8.407;8.275;8.319;7.182542;343577;CTT.LS
2016-03-29;8.319;8.319;8.12;8.216;7.093613;326908;CTT.LS
2016-03-30;8.245;8.4;8.245;8.4;7.252476;296872;CTT.LS
2016-03-31;8.399;8.399;8.26;8.27;7.140236;330782;CTT.LS
2016-04-01;8.239;8.259;8.156;8.185;7.066847999999999;318120;CTT.LS
2016-04-04;8.223;8.238;8.1;8.115;7.006411;275626;CTT.LS
2016-04-05;8.1;8.1;7.94;7.995;6.902804;266095;CTT.LS
2016-04-06;8.066;8.08;7.87;7.994;6.90194;204612;CTT.LS
2016-04-07;8.007;8.025;7.78;7.798;6.732716;303177;CTT.LS
2016-04-08;7.798;7.979;7.798;7.954;6.867405000000001;178078;CTT.LS
2016-04-11;7.98;8.079;7.917;7.956;6.8691320000000005;199762;CTT.LS
2016-04-12;7.94;7.949;7.84;7.919;6.837186;194368;CTT.LS
2016-04-13;7.97;8.0;7.889;7.892;6.813875;387793;CTT.LS
2016-04-14;7.92;8.006;7.92;7.949;6.863088;209045;CTT.LS
2016-04-15;7.99;7.99;7.815;7.839;6.768114999999999;508376;CTT.LS
2016-04-18;7.826;7.87;7.76;7.851;6.778475;486814;CTT.LS
2016-04-19;7.898;7.97;7.88;7.93;6.8466830000000005;332061;CTT.LS
2016-04-20;7.92;8.106;7.91;8.056;6.955471000000001;398601;CTT.LS
2016-04-21;8.1;8.139;8.04;8.076;6.9727380000000005;387391;CTT.LS
2016-04-22;8.119;8.125;8.041;8.042;6.943383;278637;CTT.LS
2016-04-25;8.1;8.12;7.962;7.979;6.88899;159680;CTT.LS
2016-04-26;8.0;8.146;7.964;8.095;6.989142999999999;294028;CTT.LS
2016-04-27;8.132;8.166;8.064;8.087;6.982235;174864;CTT.LS
2016-04-28;8.09;8.134;7.968;8.126;7.0159080000000005;308495;CTT.LS
2016-04-29;8.05;8.174;8.032;8.068;6.965831;221242;CTT.LS
2016-05-02;8.05;8.136;8.013;8.086;6.981372;121661;CTT.LS
2016-05-03;8.1;8.1;7.979;8.042;6.943383;310029;CTT.LS
2016-05-04;8.05;8.098;7.965;8.045;6.9459729999999995;282628;CTT.LS
2016-05-05;8.05;8.169;8.05;8.072;6.969284;295328;CTT.LS
2016-05-06;8.05;8.11;8.0;8.008;6.914028;217321;CTT.LS
2016-05-09;8.031;8.109;7.962;8.0;6.907121000000001;273685;CTT.LS
2016-05-10;8.021;8.039;7.98;7.998;6.905394;184157;CTT.LS
2016-05-11;7.995;8.02;7.95;7.956;6.8691320000000005;280240;CTT.LS
2016-05-12;8.05;8.088;7.975;7.975;6.885536;422133;CTT.LS
2016-05-13;7.98;8.08;7.95;8.067;6.964967999999999;295687;CTT.LS
2016-05-16;8.079;8.139;8.02;8.138;7.026267999999999;326457;CTT.LS
2016-05-17;8.15;8.17;8.098;8.17;7.053897;433776;CTT.LS
2016-05-18;8.13;8.21;8.102;8.21;7.088432000000001;221560;CTT.LS
2016-05-19;8.16;8.208;8.087;8.152;7.038355999999999;707924;CTT.LS
2016-05-20;8.152;8.246;8.152;8.199;7.078936;475401;CTT.LS
2016-05-23;7.81;7.959;7.76;7.876;7.213572;520160;CTT.LS
2016-05-24;7.888;8.01;7.852;7.997;7.324395;335625;CTT.LS
2016-05-25;8.005;8.091;7.995;8.007;7.333553;243480;CTT.LS
2016-05-26;8.0;8.073;8.0;8.023;7.348207;207745;CTT.LS
2016-05-27;8.0;8.09;7.982;8.07;7.391253999999999;211838;CTT.LS
2016-05-30;8.07;8.099;8.016;8.07;7.391253999999999;119251;CTT.LS
2016-05-31;8.099;8.13;8.068;8.083;7.403161999999999;331776;CTT.LS
2016-06-01;8.04;8.083;8.001;8.001;7.328059;334951;CTT.LS
2016-06-02;8.0;8.106;8.0;8.063;7.384842999999999;376388;CTT.LS
2016-06-03;8.105;8.158;8.093;8.114;7.431553999999999;274915;CTT.LS
2016-06-06;8.13;8.148;8.069;8.105;7.423311;126353;CTT.LS
2016-06-07;8.1;8.139;8.039;8.045;7.368358;239781;CTT.LS
2016-06-08;8.06;8.087;8.028;8.05;7.372936999999999;159244;CTT.LS
2016-06-09;8.025;8.075;8.02;8.071;7.392171;210837;CTT.LS
2016-06-10;8.068;8.068;7.914;7.914;7.248375;243189;CTT.LS
2016-06-13;7.801;7.862;7.758;7.768;7.114655;291775;CTT.LS
2016-06-14;7.76;7.778;7.576;7.6;6.9607850000000004;288656;CTT.LS
2016-06-15;7.62;7.727;7.548;7.548;6.913158;1154404;CTT.LS
2016-06-16;7.52;7.7;7.497;7.516;6.88385;1202683;CTT.LS
2016-06-17;7.632;7.664;7.381;7.501;6.870111;1199343;CTT.LS
2016-06-20;7.629;7.927;7.629;7.741;7.089925999999999;663798;CTT.LS
2016-06-21;7.779;7.779;7.55;7.607;6.967196;200905;CTT.LS
2016-06-22;7.61;7.661;7.505;7.606;6.96628;340266;CTT.LS
2016-06-23;7.661;7.789;7.634;7.774;7.120151;260604;CTT.LS
2016-06-24;6.984;7.126;6.597;6.937;6.353548;2702939;CTT.LS
2016-06-27;6.99;7.095;6.928;7.01;6.420408999999999;1029539;CTT.LS
2016-06-28;7.122;7.332;7.111;7.299;6.6851009999999995;648992;CTT.LS
2016-06-29;7.337;7.39;7.247;7.26;6.649382000000001;470956;CTT.LS
2016-06-30;7.28;7.343;7.102;7.114;6.515661;734414;CTT.LS
2016-07-01;7.105;7.182;7.021;7.048;6.455212;662982;CTT.LS
2016-07-04;7.118;7.12;7.015;7.044;6.451549;338359;CTT.LS
2016-07-05;7.0;7.047;6.763;6.764;6.195099;1045802;CTT.LS
2016-07-06;6.789;6.939;6.725;6.865;6.287604;559546;CTT.LS
2016-07-07;6.87;6.96;6.81;6.811;6.2381459999999995;340478;CTT.LS
2016-07-08;6.811;6.93;6.791;6.925;6.342558;365151;CTT.LS
2016-07-11;6.973;7.04;6.921;6.988;6.400258999999999;306437;CTT.LS
2016-07-12;7.013;7.226;7.007;7.141;6.54039;409726;CTT.LS
2016-07-13;7.164;7.167;7.04;7.106;6.508334;405630;CTT.LS
2016-07-14;7.147;7.255;7.139;7.206;6.5999229999999995;353917;CTT.LS
2016-07-15;7.242;7.32;7.15;7.235;6.626484;458777;CTT.LS
2016-07-18;7.314;7.345;7.205;7.264;6.653045;265814;CTT.LS
2016-07-19;7.294;7.331;7.214;7.316;6.700672;271778;CTT.LS
2016-07-20;7.291;7.39;7.27;7.368;6.748297999999999;291984;CTT.LS
2016-07-21;7.388;7.45;7.314;7.348;6.72998;221361;CTT.LS
2016-07-22;7.319;7.395;7.283;7.368;6.748297999999999;222014;CTT.LS
2016-07-25;7.36;7.44;7.351;7.408;6.784934;191650;CTT.LS
2016-07-26;7.392;7.435;7.335;7.344;6.726316000000001;279383;CTT.LS
2016-07-27;7.354;7.48;7.346;7.48;6.850878;490457;CTT.LS
2016-07-28;7.48;7.52;7.35;7.38;6.759289;364361;CTT.LS
2016-07-29;7.39;7.563;7.371;7.496;6.865532000000001;344381;CTT.LS
2016-08-01;7.591;7.605;7.455;7.522;6.889345;236603;CTT.LS
2016-08-02;7.53;7.537;7.401;7.45;6.823401;176301;CTT.LS
2016-08-03;7.445;7.45;7.194;7.32;6.704335;408866;CTT.LS
2016-08-04;7.296;7.384;7.248;7.31;6.695175999999999;231278;CTT.LS
2016-08-05;6.96;6.96;6.67;6.86;6.283025;2740919;CTT.LS
2016-08-08;6.917;6.917;6.711;6.822;6.24822;921136;CTT.LS
2016-08-09;6.86;6.984;6.8;6.984;6.396595;707938;CTT.LS
2016-08-10;6.95;7.116;6.905;7.06;6.466203;566293;CTT.LS
2016-08-11;7.1;7.14;7.06;7.093;6.496428;484174;CTT.LS
2016-08-12;7.09;7.125;7.047;7.123;6.523904;543976;CTT.LS
2016-08-15;7.12;7.12;6.96;7.013;6.423156;528594;CTT.LS
2016-08-16;7.0;7.035;6.897;6.897;6.316912;520691;CTT.LS
2016-08-17;6.879;6.879;6.745;6.789;6.217996;1042423;CTT.LS
2016-08-18;6.8;6.885;6.8;6.87;6.2921830000000005;424415;CTT.LS
2016-08-19;6.89;6.958;6.886;6.934;6.350801000000001;890408;CTT.LS
2016-08-22;6.945;6.999;6.886;6.905;6.3242400000000005;561326;CTT.LS
2016-08-23;6.906;6.94;6.735;6.735;6.168538;786074;CTT.LS
2016-08-24;6.75;6.75;6.626;6.685;6.122743;914166;CTT.LS
2016-08-25;6.684;6.699;6.5;6.546;5.9954339999999995;1695763;CTT.LS
2016-08-26;6.56;6.646;6.506;6.6;6.044892;2009185;CTT.LS
2016-08-29;6.61;6.628;6.547;6.566;6.013751999999999;434059;CTT.LS
2016-08-30;6.6;6.628;6.536;6.547;5.99635;882386;CTT.LS
2016-08-31;6.565;6.595;6.515;6.576;6.022911;1050223;CTT.LS
2016-09-01;6.566;6.631;6.523;6.55;5.999098;1041946;CTT.LS
2016-09-02;6.555;6.555;6.256;6.35;5.815919;2070345;CTT.LS
2016-09-05;6.359;6.415;6.335;6.39;5.852555000000001;652997;CTT.LS
2016-09-06;6.415;6.415;6.358;6.411;5.871789;406774;CTT.LS
2016-09-07;6.435;6.46;6.389;6.413;5.873621;501525;CTT.LS
2016-09-08;6.441;6.507;6.42;6.507;5.959714;1129093;CTT.LS
2016-09-09;6.506;6.652;6.471;6.58;6.026575;1397906;CTT.LS
2016-09-12;6.502;6.502;6.385;6.474;5.92949;549052;CTT.LS
2016-09-13;6.504;6.509;6.369;6.378;5.841564;1036965;CTT.LS
2016-09-14;6.425;6.425;6.263;6.284;5.75547;900127;CTT.LS
2016-09-15;6.28;6.365;6.28;6.35;5.815919;736132;CTT.LS
2016-09-16;6.367;6.369;6.223;6.236;5.711507;1231744;CTT.LS
2016-09-19;6.26;6.349;6.26;6.344;5.810423999999999;416111;CTT.LS
2016-09-20;6.373;6.373;6.271;6.282;5.753638;241917;CTT.LS
2016-09-21;6.293;6.305;6.178;6.181;5.661133;642634;CTT.LS
2016-09-22;6.226;6.226;6.123;6.162;5.643732;954082;CTT.LS
2016-09-23;6.176;6.18;6.035;6.142;5.625413;916713;CTT.LS
2016-09-26;6.139;6.139;6.013;6.065;5.55489;611319;CTT.LS
2016-09-27;6.098;6.098;5.92;5.975;5.472459;1140685;CTT.LS
2016-09-28;6.0;6.035;5.951;6.003;5.498104;605885;CTT.LS
2016-09-29;6.04;6.055;5.958;5.99;5.486197;304951;CTT.LS
2016-09-30;5.955;6.0;5.85;5.995;5.490777;709187;CTT.LS
2016-10-03;6.013;6.05;5.98;6.015;5.509094999999999;391289;CTT.LS
2016-10-04;6.059;6.076;5.951;5.961;5.459637;402783;CTT.LS
2016-10-05;5.94;5.94;5.85;5.869;5.375375;432206;CTT.LS
2016-10-06;5.869;5.869;5.74;5.745;5.261804;864941;CTT.LS
2016-10-07;5.734;5.74;5.552;5.562;5.094195;1421904;CTT.LS
2016-10-10;5.56;5.676;5.511;5.655;5.179374;878523;CTT.LS
2016-10-11;5.677;5.935;5.61;5.912;5.414758;1044999;CTT.LS
2016-10-12;5.935;5.974;5.841;5.886;5.390944999999999;1094427;CTT.LS
2016-10-13;5.87;5.901;5.805;5.87;5.37629;515604;CTT.LS
2016-10-14;5.92;6.05;5.895;6.037;5.5292449999999995;869362;CTT.LS
2016-10-17;6.038;6.038;5.86;5.9;5.403768;802905;CTT.LS
2016-10-18;5.943;6.096;5.92;6.028;5.521001;1058492;CTT.LS
2016-10-19;6.05;6.072;5.967;6.05;5.541151999999999;675732;CTT.LS
2016-10-20;6.045;6.077;6.03;6.04;5.531992;413327;CTT.LS
2016-10-21;6.021;6.047;5.976;6.019;5.512759;275624;CTT.LS
2016-10-24;6.058;6.14;6.049;6.115;5.600683999999999;665545;CTT.LS
2016-10-25;6.138;6.138;5.98;6.0;5.495357;556201;CTT.LS
2016-10-26;6.002;6.11;5.967;6.11;5.5961050000000006;485781;CTT.LS
2016-10-27;6.11;6.135;6.016;6.049;5.540235;410977;CTT.LS
2016-10-28;6.01;6.125;5.99;6.105;5.591526;523169;CTT.LS
2016-10-31;6.17;6.172;6.0;6.029;5.521917;938735;CTT.LS
2016-11-01;6.0;6.2;5.967;6.13;5.614423;848836;CTT.LS
2016-11-02;6.093;6.118;6.03;6.082;5.57046;586644;CTT.LS
2016-11-03;6.08;6.086;5.993;6.063;5.553058;645294;CTT.LS
2016-11-04;6.067;6.067;5.986;6.06;5.55031;660817;CTT.LS
2016-11-07;6.11;6.315;6.11;6.299;5.769208;1164292;CTT.LS
2016-11-08;6.28;6.301;6.225;6.3;5.770125;909455;CTT.LS
2016-11-09;6.12;6.26;6.03;6.221;5.697769;1079092;CTT.LS
2016-11-10;6.29;6.36;6.182;6.28;5.751807;1102523;CTT.LS
2016-11-11;6.335;6.335;6.127;6.189;5.66846;860597;CTT.LS
2016-11-14;6.218;6.28;6.176;6.191;5.670292;741609;CTT.LS
2016-11-15;6.253;6.253;6.12;6.157;5.639151999999999;501933;CTT.LS
2016-11-16;6.19;6.19;6.112;6.164;5.645563;567662;CTT.LS
2016-11-17;6.126;6.2;5.82;5.84;5.348814;1821900;CTT.LS
2016-11-18;5.845;5.889;5.571;5.758;5.2737110000000005;1426597;CTT.LS
2016-11-21;5.812;5.812;5.621;5.75;5.2663839999999995;1170227;CTT.LS
2016-11-22;5.79;5.833;5.71;5.789;5.302104;900510;CTT.LS
2016-11-23;5.762;5.835;5.762;5.802;5.31401;689756;CTT.LS
2016-11-24;5.854;5.854;5.79;5.804;5.315842;515907;CTT.LS
2016-11-25;5.801;5.812;5.718;5.78;5.29386;570490;CTT.LS
2016-11-28;5.77;5.786;5.72;5.78;5.29386;382636;CTT.LS
2016-11-29;5.78;5.895;5.78;5.858;5.3653;713319;CTT.LS
2016-11-30;5.885;5.949;5.84;5.875;5.38087;624088;CTT.LS
2016-12-01;5.907;5.907;5.77;5.795;5.307599;253226;CTT.LS
2016-12-02;5.8;5.8;5.71;5.721;5.239823;438422;CTT.LS
2016-12-05;5.7;5.776;5.641;5.664;5.1876169999999995;698664;CTT.LS
2016-12-06;5.702;5.844;5.664;5.835;5.344233999999999;382942;CTT.LS
2016-12-07;5.892;6.02;5.864;6.004;5.499021;619644;CTT.LS
2016-12-08;6.033;6.089;6.01;6.058;5.548479;627070;CTT.LS
2016-12-09;6.05;6.075;5.93;5.957;5.455973;511947;CTT.LS
2016-12-12;6.0;6.093;5.964;5.988;5.4843660000000005;657439;CTT.LS
2016-12-13;6.005;6.09;6.002;6.09;5.577787;424880;CTT.LS
2016-12-14;6.09;6.18;5.957;6.055;5.545731;666117;CTT.LS
2016-12-15;6.08;6.237;6.001;6.219;5.695937000000001;811534;CTT.LS
2016-12-16;6.24;6.449;6.21;6.295;5.7655449999999995;952728;CTT.LS
2016-12-19;6.32;6.447;6.277;6.334;5.801265;644728;CTT.LS
2016-12-20;6.34;6.4;6.334;6.386;5.848891;645848;CTT.LS
2016-12-21;6.333;6.4;6.277;6.38;5.843396;525078;CTT.LS
2016-12-22;6.396;6.456;6.309;6.327;5.794854;509393;CTT.LS
2016-12-23;6.366;6.416;6.354;6.394;5.856218;335955;CTT.LS
2016-12-27;6.394;6.49;6.394;6.47;5.925826;521665;CTT.LS
2016-12-28;6.45;6.541;6.43;6.458;5.914836;377637;CTT.LS
2016-12-29;6.464;6.483;6.421;6.44;5.89835;353761;CTT.LS
2016-12-30;6.44;6.449;6.406;6.445;5.902929;204805;CTT.LS
2017-01-02;6.438;6.579;6.427;6.551;6.000014;359889;CTT.LS
2017-01-03;6.569;6.598;6.475;6.576;6.022911;685782;CTT.LS
2017-01-04;6.598;6.614;6.476;6.56;6.008255999999999;606202;CTT.LS
2017-01-05;6.516;6.669;6.516;6.565;6.012836;593190;CTT.LS
2017-01-06;6.59;6.64;6.525;6.62;6.06321;454988;CTT.LS
2017-01-09;6.621;6.645;6.502;6.53;5.98078;543020;CTT.LS
2017-01-10;6.53;6.531;6.305;6.33;5.797601;923340;CTT.LS
2017-01-11;6.31;6.364;6.22;6.3;5.770125;940683;CTT.LS
2017-01-12;6.28;6.28;6.08;6.123;5.608012;1106286;CTT.LS
2017-01-13;6.15;6.177;6.035;6.1;5.586946;883536;CTT.LS
2017-01-16;6.12;6.215;6.031;6.107;5.593357;847060;CTT.LS
2017-01-17;6.19;6.195;6.071;6.151;5.633657;764401;CTT.LS
2017-01-18;6.185;6.185;6.037;6.098;5.585114;545251;CTT.LS
2017-01-19;6.1;6.1;6.037;6.097;5.584198000000001;319965;CTT.LS
2017-01-20;6.09;6.1;6.031;6.07;5.559469;402884;CTT.LS
2017-01-23;6.08;6.08;5.958;6.0;5.495357;528552;CTT.LS
2017-01-24;6.0;6.011;5.915;6.011;5.505432;595969;CTT.LS
2017-01-25;6.03;6.075;5.985;5.992;5.488029;734461;CTT.LS
2017-01-26;6.05;6.05;5.993;6.05;5.541151999999999;700265;CTT.LS
2017-01-27;6.05;6.05;5.955;6.012;5.506348;361224;CTT.LS
2017-01-30;5.67;5.67;5.171;5.171;4.736082;4330065;CTT.LS
2017-01-31;5.232;5.34;5.154;5.154;4.720511;1333635;CTT.LS
2017-02-01;5.2;5.2;4.936;5.0;4.579464;2080022;CTT.LS
2017-02-02;5.0;5.128;4.982;5.068;4.641744999999999;1156832;CTT.LS
2017-02-03;5.068;5.078;5.005;5.013;4.591371;805314;CTT.LS
2017-02-06;5.038;5.078;4.925;5.0;4.579464;962676;CTT.LS
2017-02-07;5.0;5.014;4.91;4.92;4.506193;736133;CTT.LS
2017-02-08;4.952;4.993;4.88;4.905;4.492454;1236629;CTT.LS
2017-02-09;4.91;4.95;4.885;4.914;4.500697;896544;CTT.LS
2017-02-10;4.922;4.952;4.895;4.9;4.487875;1079935;CTT.LS
2017-02-13;4.91;4.997;4.91;4.95;4.533669000000001;623752;CTT.LS
2017-02-14;4.97;4.99;4.921;4.98;4.561146;589779;CTT.LS
2017-02-15;5.01;5.109;4.984;5.097;4.668305;1307905;CTT.LS
2017-02-16;5.12;5.16;5.04;5.071;4.644492;858416;CTT.LS
2017-02-17;5.098;5.113;5.05;5.097;4.668305;736484;CTT.LS
2017-02-20;5.112;5.112;4.985;5.011;4.589539;1051932;CTT.LS
2017-02-21;5.04;5.07;4.96;5.046;4.621595;629404;CTT.LS
2017-02-22;5.06;5.126;4.999;5.052;4.62709;1216586;CTT.LS
2017-02-23;5.036;5.066;5.0;5.021;4.598698000000001;653825;CTT.LS
2017-02-24;5.019;5.08;5.003;5.014;4.592286;677720;CTT.LS
2017-02-27;5.03;5.118;5.013;5.109;4.679296;900102;CTT.LS
2017-02-28;5.119;5.119;5.033;5.068;4.641744999999999;688985;CTT.LS
2017-03-01;5.08;5.081;5.031;5.056;4.6307540000000005;892824;CTT.LS
2017-03-02;5.05;5.073;5.037;5.073;4.646324;513122;CTT.LS
2017-03-03;5.05;5.07;5.011;5.019;4.596866;792098;CTT.LS
2017-03-06;5.03;5.078;5.011;5.056;4.6307540000000005;694420;CTT.LS
2017-03-07;5.06;5.065;5.001;5.018;4.59595;519938;CTT.LS
2017-03-08;5.01;5.035;4.982;4.989;4.569389;637658;CTT.LS
2017-03-09;4.989;5.046;4.989;5.011;4.589539;657315;CTT.LS
2017-03-10;5.02;5.04;4.741;4.855;4.44666;2963230;CTT.LS
2017-03-13;4.89;4.913;4.823;4.875;4.464976999999999;1194171;CTT.LS
2017-03-14;4.87;4.87;4.79;4.79;4.387126;1616532;CTT.LS
2017-03-15;4.819;4.888;4.776;4.823;4.417351;1560954;CTT.LS
2017-03-16;4.835;4.86;4.795;4.814;4.409108;1014356;CTT.LS
2017-03-17;4.825;4.898;4.775;4.8;4.396286;2119261;CTT.LS
2017-03-20;4.812;4.898;4.81;4.863;4.453987000000001;839989;CTT.LS
2017-03-21;4.89;4.89;4.803;4.829;4.422846;925197;CTT.LS
2017-03-22;4.835;4.835;4.751;4.79;4.387126;987161;CTT.LS
2017-03-23;4.819;4.893;4.78;4.865;4.455818;1580095;CTT.LS
2017-03-24;4.877;5.144;4.874;5.12;4.6893709999999995;2541962;CTT.LS
2017-03-27;5.102;5.111;5.03;5.041;4.617015;827990;CTT.LS
2017-03-28;5.097;5.174;5.063;5.127;4.695782;1114846;CTT.LS
2017-03-29;5.15;5.192;5.061;5.102;4.672885;905756;CTT.LS
2017-03-30;5.115;5.145;5.061;5.1;4.671053;960924;CTT.LS
2017-03-31;5.115;5.14;5.09;5.122;4.691203;1089716;CTT.LS
2017-04-03;5.13;5.174;5.11;5.13;4.69853;1143111;CTT.LS
2017-04-04;5.136;5.154;5.052;5.066;4.639913;806328;CTT.LS
2017-04-05;5.1;5.1;5.027;5.075;4.648156;639795;CTT.LS
2017-04-06;5.05;5.108;5.02;5.031;4.607857;815075;CTT.LS
2017-04-07;5.058;5.085;5.021;5.061;4.635333;853873;CTT.LS
2017-04-10;5.09;5.09;5.0;5.043;4.618847;807044;CTT.LS
2017-04-11;5.04;5.122;5.004;5.088;4.660062;850835;CTT.LS
2017-04-12;5.097;5.176;5.097;5.15;4.716848000000001;780841;CTT.LS
2017-04-13;5.16;5.169;5.101;5.116;4.685708;641898;CTT.LS
2017-04-18;5.12;5.12;5.047;5.087;4.659146;776713;CTT.LS
2017-04-19;5.07;5.109;4.985;5.005;4.5840440000000005;1094404;CTT.LS
2017-04-20;5.023;5.036;4.962;4.988;4.568473;745067;CTT.LS
2017-04-21;5.009;5.035;4.962;5.009;4.587707;442114;CTT.LS
2017-04-24;5.07;5.178;5.023;5.16;4.726007;1192300;CTT.LS
2017-04-25;5.158;5.23;5.116;5.204;4.766306;854231;CTT.LS
2017-04-26;5.211;5.37;5.173;5.369;4.917428;1575580;CTT.LS
2017-04-27;5.364;5.364;5.275;5.332;4.88354;724191;CTT.LS
2017-04-28;5.349;5.35;5.22;5.239;4.798362;1050333;CTT.LS
2017-05-02;5.26;5.79;5.24;5.63;5.1564760000000005;3170740;CTT.LS
2017-05-03;5.62;5.67;5.517;5.636;5.1619720000000004;1503731;CTT.LS
2017-05-04;5.637;5.727;5.568;5.664;5.1876169999999995;1438437;CTT.LS
2017-05-05;5.669;5.703;5.635;5.65;5.174794;901123;CTT.LS
2017-05-08;5.69;5.88;5.64;5.809;5.320421;2083502;CTT.LS
2017-05-09;5.85;5.87;5.777;5.799;5.311262;1294631;CTT.LS
2017-05-10;5.8;5.8;5.681;5.705;5.225168;1054219;CTT.LS
2017-05-11;5.72;5.754;5.64;5.683;5.205019;698165;CTT.LS
2017-05-12;5.74;5.8;5.676;5.781;5.294776000000001;719871;CTT.LS
2017-05-15;5.8;5.867;5.8;5.858;5.3653;1375740;CTT.LS
2017-05-16;5.87;5.876;5.7;5.707;5.227;2007257;CTT.LS
2017-05-17;5.24;5.379;5.215;5.32;5.32;1484172;CTT.LS
2017-05-18;5.316;5.372;5.222;5.3;5.3;1171089;CTT.LS
2017-05-19;5.3;5.423;5.287;5.421;5.421;982944;CTT.LS
2017-05-22;5.45;5.5;5.358;5.36;5.36;889429;CTT.LS
2017-05-23;5.365;5.435;5.361;5.416;5.416;529187;CTT.LS
2017-05-24;5.4;5.46;5.309;5.327;5.327;1023552;CTT.LS
2017-05-25;5.349;5.401;5.323;5.33;5.33;651832;CTT.LS
2017-05-26;5.33;5.351;5.262;5.303;5.303;492582;CTT.LS
2017-05-29;5.288;5.398;5.272;5.377;5.377;787087;CTT.LS
2017-05-30;5.382;5.7;5.35;5.66;5.66;2464517;CTT.LS
2017-05-31;5.66;5.699;5.418;5.418;5.418;2063227;CTT.LS
2017-06-01;5.453;5.6;5.45;5.548;5.548;1010714;CTT.LS
2017-06-02;5.556;5.59;5.518;5.58;5.58;815532;CTT.LS
2017-06-05;5.566;5.649;5.563;5.614;5.614;395891;CTT.LS
2017-06-06;5.6;5.675;5.596;5.651;5.651;1075313;CTT.LS
2017-06-07;5.637;5.746;5.626;5.644;5.644;868668;CTT.LS
2017-06-08;5.658;5.702;5.581;5.648;5.648;656944;CTT.LS
2017-06-09;5.609;5.674;5.607;5.65;5.65;398854;CTT.LS
2017-06-12;5.66;5.661;5.556;5.575;5.575;560949;CTT.LS
2017-06-13;5.581;5.671;5.579;5.641;5.641;688871;CTT.LS
2017-06-14;5.639;5.677;5.577;5.619;5.619;704188;CTT.LS
2017-06-15;5.619;5.649;5.51;5.559;5.559;709355;CTT.LS
2017-06-16;5.58;5.58;5.455;5.533;5.533;1404867;CTT.LS
2017-06-19;5.574;5.606;5.56;5.585;5.585;484683;CTT.LS
2017-06-20;5.6;5.697;5.6;5.626;5.626;702784;CTT.LS
2017-06-21;5.617;5.644;5.585;5.604;5.604;328112;CTT.LS
2017-06-22;5.612;5.63;5.558;5.608;5.608;445289;CTT.LS
2017-06-23;5.607;5.632;5.514;5.569;5.569;619132;CTT.LS
2017-06-26;5.59;5.617;5.555;5.571;5.571;648755;CTT.LS
2017-06-27;5.56;5.595;5.515;5.555;5.555;597140;CTT.LS
2017-06-28;5.533;5.57;5.48;5.5;5.5;663199;CTT.LS
2017-06-29;5.536;5.62;5.468;5.569;5.569;1194452;CTT.LS
2017-06-30;5.584;5.584;5.516;5.543;5.543;720937;CTT.LS
2017-07-03;5.579;5.662;5.571;5.571;5.571;686658;CTT.LS
2017-07-04;5.57;5.587;5.511;5.566;5.566;561984;CTT.LS
2017-07-05;5.526;5.543;5.481;5.513;5.513;594426;CTT.LS
2017-07-06;5.52;5.599;5.515;5.547;5.547;575549;CTT.LS
2017-07-07;5.559;5.559;5.425;5.435;5.435;848008;CTT.LS
2017-07-10;5.46;5.46;5.365;5.415;5.415;365029;CTT.LS
2017-07-11;5.416;5.437;5.366;5.39;5.39;191586;CTT.LS
2017-07-12;5.4;5.457;5.39;5.423;5.423;265220;CTT.LS
2017-07-13;5.43;5.533;5.427;5.533;5.533;718496;CTT.LS
2017-07-14;5.518;5.543;5.489;5.507;5.507;395799;CTT.LS
2017-07-17;5.528;5.629;5.492;5.555;5.555;572313;CTT.LS
2017-07-18;5.555;5.586;5.525;5.531;5.531;249015;CTT.LS
2017-07-19;5.52;5.58;5.514;5.551;5.551;222601;CTT.LS
2017-07-20;5.574;5.578;5.503;5.542;5.542;451890;CTT.LS
2017-07-21;5.517;5.544;5.5;5.516;5.516;459002;CTT.LS
2017-07-24;5.538;5.556;5.448;5.454;5.454;538306;CTT.LS
2017-07-25;5.46;5.526;5.44;5.5;5.5;353409;CTT.LS
2017-07-26;5.515;5.548;5.461;5.526;5.526;341258;CTT.LS
2017-07-27;5.549;5.591;5.532;5.564;5.564;339490;CTT.LS
2017-07-28;5.567;5.567;5.52;5.523;5.523;275940;CTT.LS
2017-07-31;5.55;5.55;5.475;5.513;5.513;326676;CTT.LS
2017-08-01;5.43;5.459;5.06;5.372;5.372;1916018;CTT.LS
2017-08-02;5.359;5.416;5.281;5.319;5.319;714610;CTT.LS
2017-08-03;5.348;5.348;5.231;5.288;5.288;611444;CTT.LS
2017-08-04;5.329;5.329;5.253;5.315;5.315;585961;CTT.LS
2017-08-07;5.315;5.395;5.29;5.349;5.349;440784;CTT.LS
2017-08-08;5.35;5.415;5.333;5.36;5.36;352987;CTT.LS
2017-08-09;5.34;5.376;5.331;5.366;5.366;406102;CTT.LS
2017-08-10;5.35;5.383;5.334;5.341;5.341;375473;CTT.LS
2017-08-11;5.335;5.37;5.245;5.341;5.341;686029;CTT.LS
2017-08-14;5.4;5.479;5.399;5.446;5.446;598752;CTT.LS
2017-08-15;5.431;5.487;5.415;5.436;5.436;308716;CTT.LS
2017-08-16;5.465;5.465;5.374;5.385;5.385;392293;CTT.LS
2017-08-17;5.399;5.412;5.27;5.311;5.311;895457;CTT.LS
2017-08-18;5.311;5.311;5.221;5.255;5.255;371335;CTT.LS
2017-08-21;5.26;5.26;5.213;5.229;5.229;238402;CTT.LS
2017-08-22;5.245;5.283;5.175;5.25;5.25;529765;CTT.LS
2017-08-23;5.237;5.243;5.161;5.185;5.185;453882;CTT.LS
2017-08-24;5.232;5.272;5.185;5.244;5.244;316194;CTT.LS
2017-08-25;5.21;5.27;5.21;5.234;5.234;306199;CTT.LS
2017-08-28;5.242;5.242;5.188;5.214;5.214;326373;CTT.LS
2017-08-29;5.21;5.239;5.155;5.196;5.196;377299;CTT.LS
2017-08-30;5.226;5.239;5.172;5.174;5.174;283456;CTT.LS
2017-08-31;5.174;5.225;5.174;5.207;5.207;349074;CTT.LS
2017-09-01;5.192;5.202;5.152;5.168;5.168;436003;CTT.LS
2017-09-04;5.18;5.18;5.055;5.109;5.109;590496;CTT.LS
2017-09-05;5.137;5.184;5.094;5.109;5.109;339363;CTT.LS
2017-09-06;5.086;5.121;5.077;5.1;5.1;301730;CTT.LS
2017-09-07;5.146;5.146;5.078;5.094;5.094;262711;CTT.LS
2017-09-08;5.134;5.134;5.025;5.069;5.069;465258;CTT.LS
2017-09-11;5.075;5.114;5.041;5.058;5.058;454430;CTT.LS
2017-09-12;5.046;5.085;5.04;5.05;5.05;539976;CTT.LS
2017-09-13;5.049;5.079;5.037;5.075;5.075;511008;CTT.LS
2017-09-14;5.04;5.099;5.04;5.097;5.097;377663;CTT.LS
2017-09-15;5.08;5.16;5.08;5.099;5.099;551266;CTT.LS
2017-09-18;5.15;5.275;5.149;5.163;5.163;1160565;CTT.LS
2017-09-19;5.17;5.22;5.13;5.155;5.155;549684;CTT.LS
2017-09-20;5.185;5.185;5.088;5.09;5.09;493536;CTT.LS
2017-09-21;5.133;5.149;5.095;5.096;5.096;399072;CTT.LS
2017-09-22;5.097;5.111;5.022;5.05;5.05;699334;CTT.LS
2017-09-25;5.062;5.11;5.06;5.08;5.08;527997;CTT.LS
2017-09-26;5.07;5.112;5.06;5.092;5.092;321801;CTT.LS
2017-09-27;5.118;5.118;4.983;5.018;5.018;1707471;CTT.LS
2017-09-28;5.03;5.092;5.01;5.092;5.092;811867;CTT.LS
2017-09-29;5.099;5.135;5.087;5.098;5.098;451341;CTT.LS
2017-10-02;5.118;5.139;5.068;5.115;5.115;445119;CTT.LS
2017-10-03;5.12;5.247;5.119;5.146;5.146;895849;CTT.LS
2017-10-04;5.161;5.161;5.074;5.074;5.074;597181;CTT.LS
2017-10-05;5.06;5.074;5.002;5.023;5.023;954423;CTT.LS
2017-10-06;5.07;5.083;5.025;5.029;5.029;519181;CTT.LS
2017-10-09;5.079;5.079;4.991;5.011;5.011;786743;CTT.LS
2017-10-10;5.0;5.035;4.985;5.001;5.001;582970;CTT.LS
2017-10-11;5.029;5.044;4.994;5.014;5.014;423590;CTT.LS
2017-10-12;5.019;5.07;4.998;5.064;5.064;718625;CTT.LS
2017-10-13;5.07;5.084;5.006;5.043;5.043;515257;CTT.LS
2017-10-16;5.056;5.056;4.998;5.042;5.042;388013;CTT.LS
2017-10-17;5.039;5.045;4.962;5.005;5.005;767294;CTT.LS
2017-10-18;5.03;5.1;4.982;5.078;5.078;809087;CTT.LS
2017-10-19;5.079;5.103;5.048;5.099;5.099;418818;CTT.LS
2017-10-20;5.099;5.14;5.06;5.097;5.097;433877;CTT.LS
2017-10-23;5.1;5.11;5.05;5.095;5.095;284943;CTT.LS
2017-10-24;5.095;5.128;5.058;5.077;5.077;422867;CTT.LS
2017-10-25;5.065;5.083;5.025;5.048;5.048;410666;CTT.LS
2017-10-26;5.044;5.08;5.033;5.059;5.059;384375;CTT.LS
2017-10-27;5.041;5.093;5.041;5.06;5.06;396985;CTT.LS
2017-10-30;5.051;5.102;5.05;5.066;5.066;481448;CTT.LS
2017-10-31;5.085;5.097;5.03;5.056;5.056;466581;CTT.LS
2017-11-01;4.5;4.5;3.954;3.96;3.96;11058681;CTT.LS
2017-11-02;4.0;4.049;3.771;3.782;3.782;8158762;CTT.LS
2017-11-03;3.819;3.819;3.55;3.561;3.561;4778393;CTT.LS
2017-11-06;3.56;3.569;3.341;3.447;3.447;5523904;CTT.LS
2017-11-07;3.453;3.71;3.453;3.506;3.506;3944735;CTT.LS
2017-11-08;3.54;3.546;3.399;3.414;3.414;1899408;CTT.LS
2017-11-09;3.41;3.456;3.25;3.256;3.256;2510494;CTT.LS
2017-11-10;3.251;3.36;3.169;3.261;3.261;2216113;CTT.LS
2017-11-13;3.278;3.325;3.18;3.235;3.235;1330233;CTT.LS
2017-11-14;3.225;3.234;3.153;3.161;3.161;1294831;CTT.LS
2017-11-15;3.151;3.2;3.09;3.18;3.18;2208581;CTT.LS
2017-11-16;3.197;3.324;3.185;3.22;3.22;2791513;CTT.LS
2017-11-17;3.257;3.268;3.158;3.158;3.158;1627520;CTT.LS
2017-11-20;3.16;3.16;3.1;3.131;3.131;878838;CTT.LS
2017-11-21;3.14;3.229;3.11;3.165;3.165;1929009;CTT.LS
2017-11-22;3.18;3.216;3.15;3.184;3.184;804884;CTT.LS
2017-11-23;3.179;3.203;3.122;3.13;3.13;1285605;CTT.LS
2017-11-24;3.124;3.149;3.04;3.085;3.085;1498683;CTT.LS
2017-11-27;3.077;3.093;3.013;3.043;3.043;1932622;CTT.LS
2017-11-28;3.048;3.1;3.041;3.095;3.095;1137842;CTT.LS
2017-11-29;3.081;3.097;3.012;3.079;3.079;1853215;CTT.LS
2017-11-30;3.103;3.263;3.088;3.25;3.25;3559791;CTT.LS
2017-12-01;3.261;3.273;3.205;3.236;3.236;1842152;CTT.LS
2017-12-04;3.23;3.257;3.152;3.17;3.17;1077146;CTT.LS
2017-12-05;3.158;3.177;3.074;3.135;3.135;1952091;CTT.LS
2017-12-06;3.134;3.227;3.103;3.225;3.225;1689670;CTT.LS
2017-12-07;3.225;3.28;3.18;3.261;3.261;1594205;CTT.LS
2017-12-08;3.262;3.44;3.262;3.4;3.4;1328663;CTT.LS
2017-12-11;3.352;3.47;3.32;3.419;3.419;1602641;CTT.LS
2017-12-12;3.41;3.447;3.37;3.446;3.446;1403981;CTT.LS
2017-12-13;3.429;3.504;3.409;3.46;3.46;1232295;CTT.LS
2017-12-14;3.46;3.46;3.306;3.33;3.33;1941214;CTT.LS
2017-12-15;3.33;3.33;3.23;3.28;3.28;2152071;CTT.LS
2017-12-18;3.285;3.414;3.285;3.414;3.414;1619104;CTT.LS
2017-12-19;3.41;3.502;3.376;3.494;3.494;1302243;CTT.LS
2017-12-20;3.589;3.876;3.589;3.655;3.655;4675268;CTT.LS
2017-12-21;3.652;3.715;3.48;3.601;3.601;2534980;CTT.LS
2017-12-22;3.568;3.593;3.516;3.54;3.54;1056969;CTT.LS
2017-12-27;3.52;3.61;3.514;3.55;3.55;2288689;CTT.LS
2017-12-28;3.571;3.61;3.481;3.484;3.484;1379192;CTT.LS
2017-12-29;3.481;3.531;3.475;3.507;3.507;1337846;CTT.LS
2018-01-02;3.53;3.638;3.53;3.636;3.636;1333911;CTT.LS
2018-01-03;3.65;3.752;3.65;3.73;3.73;2080080;CTT.LS
2018-01-04;3.73;3.768;3.664;3.69;3.69;1591179;CTT.LS
2018-01-05;3.72;3.794;3.692;3.696;3.696;2183021;CTT.LS
2018-01-08;3.71;3.79;3.71;3.762;3.762;1472183;CTT.LS
2018-01-09;3.76;3.872;3.76;3.82;3.82;1719897;CTT.LS
2018-01-10;3.82;3.836;3.774;3.83;3.83;1160413;CTT.LS
2018-01-11;3.818;3.888;3.81;3.85;3.85;1483967;CTT.LS
2018-01-12;3.868;3.88;3.472;3.494;3.494;5388078;CTT.LS
2018-01-15;3.514;3.552;3.37;3.51;3.51;1726061;CTT.LS
2018-01-16;3.52;3.586;3.506;3.52;3.52;1247815;CTT.LS
2018-01-17;3.53;3.56;3.47;3.49;3.49;1064089;CTT.LS
2018-01-18;3.508;3.556;3.5;3.538;3.538;918409;CTT.LS
2018-01-19;3.544;3.638;3.53;3.638;3.638;1631243;CTT.LS
2018-01-22;3.638;3.64;3.48;3.514;3.514;2759291;CTT.LS
2018-01-23;3.514;3.54;3.502;3.54;3.54;812720;CTT.LS
2018-01-24;3.54;3.612;3.532;3.554;3.554;1331552;CTT.LS
2018-01-25;3.55;3.604;3.532;3.55;3.55;603030;CTT.LS
2018-01-26;3.564;3.62;3.554;3.576;3.576;650618;CTT.LS
2018-01-29;3.58;3.596;3.494;3.512;3.512;1024104;CTT.LS
2018-01-30;3.512;3.52;3.45;3.48;3.48;756006;CTT.LS
2018-01-31;3.482;3.514;3.43;3.45;3.45;979656;CTT.LS
2018-02-01;3.46;3.496;3.4;3.43;3.43;1165988;CTT.LS
2018-02-02;3.4;3.476;3.376;3.46;3.46;768020;CTT.LS
2018-02-05;3.45;3.47;3.4;3.402;3.402;703388;CTT.LS
2018-02-06;3.35;3.462;3.288;3.448;3.448;1682525;CTT.LS
2018-02-07;3.398;3.398;3.314;3.35;3.35;1634028;CTT.LS
2018-02-08;3.354;3.376;3.288;3.318;3.318;997433;CTT.LS
2018-02-09;3.29;3.36;3.272;3.332;3.332;1283576;CTT.LS
2018-02-12;3.34;3.41;3.326;3.35;3.35;678320;CTT.LS
2018-02-13;3.374;3.406;3.256;3.258;3.258;1004419;CTT.LS
2018-02-14;3.268;3.344;3.268;3.334;3.334;723446;CTT.LS
2018-02-15;3.338;3.36;3.312;3.332;3.332;700821;CTT.LS
2018-02-16;3.35;3.398;3.326;3.398;3.398;690974;CTT.LS
2018-02-19;3.4;3.44;3.308;3.312;3.312;825462;CTT.LS
2018-02-20;3.334;3.406;3.334;3.398;3.398;677637;CTT.LS
2018-02-21;3.394;3.422;3.368;3.4;3.4;533018;CTT.LS
2018-02-22;3.398;3.5;3.376;3.44;3.44;1148079;CTT.LS
2018-02-23;3.44;3.464;3.39;3.412;3.412;633043;CTT.LS
2018-02-26;3.44;3.448;3.378;3.394;3.394;561599;CTT.LS
2018-02-27;3.41;3.412;3.344;3.366;3.366;525742;CTT.LS
2018-02-28;3.36;3.414;3.308;3.41;3.41;617057;CTT.LS
2018-03-01;3.418;3.418;3.354;3.408;3.408;847851;CTT.LS
2018-03-02;3.384;3.384;3.304;3.308;3.308;1351207;CTT.LS
2018-03-05;3.3;3.312;3.204;3.23;3.23;1005759;CTT.LS
2018-03-06;3.27;3.27;3.19;3.228;3.228;960160;CTT.LS
2018-03-07;3.226;3.244;3.152;3.154;3.154;855065;CTT.LS
2018-03-08;3.15;3.248;3.116;3.148;3.148;1915273;CTT.LS
2018-03-09;3.15;3.186;3.08;3.168;3.168;1637591;CTT.LS
2018-03-12;3.184;3.242;3.146;3.22;3.22;1291766;CTT.LS
2018-03-13;3.212;3.214;3.12;3.14;3.14;978992;CTT.LS
2018-03-14;3.13;3.148;3.082;3.1;3.1;924812;CTT.LS
2018-03-15;3.114;3.154;3.084;3.124;3.124;1234609;CTT.LS
2018-03-16;3.13;3.198;3.12;3.19;3.19;1645408;CTT.LS
2018-03-19;3.178;3.18;3.102;3.144;3.144;1712139;CTT.LS
2018-03-20;3.146;3.206;3.128;3.2;3.2;1175918;CTT.LS
2018-03-21;3.206;3.262;3.184;3.204;3.204;899342;CTT.LS
2018-03-22;3.198;3.198;3.11;3.15;3.15;715115;CTT.LS
2018-03-23;3.128;3.162;3.084;3.13;3.13;610647;CTT.LS
2018-03-26;3.186;3.186;3.102;3.15;3.15;773506;CTT.LS
2018-03-27;3.162;3.186;3.122;3.138;3.138;684356;CTT.LS
2018-03-28;3.118;3.122;3.078;3.09;3.09;907395;CTT.LS
2018-03-29;3.086;3.146;3.086;3.128;3.128;604670;CTT.LS
2018-04-03;3.1;3.112;3.036;3.054;3.054;1421301;CTT.LS
2018-04-04;3.054;3.114;3.042;3.092;3.092;983641;CTT.LS
2018-04-05;3.116;3.178;3.108;3.16;3.16;849318;CTT.LS
2018-04-06;3.17;3.182;3.138;3.16;3.16;914399;CTT.LS
2018-04-09;3.16;3.186;3.102;3.12;3.12;1054841;CTT.LS
2018-04-10;3.124;3.168;3.114;3.15;3.15;947876;CTT.LS
2018-04-11;3.166;3.166;3.11;3.11;3.11;974022;CTT.LS
2018-04-12;3.104;3.104;2.98;3.03;3.03;3451262;CTT.LS
2018-04-13;3.03;3.04;2.97;3.016;3.016;1520783;CTT.LS
2018-04-16;3.004;3.054;3.004;3.03;3.03;675087;CTT.LS
2018-04-17;3.026;3.026;2.94;2.94;2.94;2168287;CTT.LS
2018-04-18;2.938;3.004;2.938;2.972;2.972;1636924;CTT.LS
2018-04-19;2.98;3.046;2.98;3.04;3.04;1423529;CTT.LS
2018-04-20;3.038;3.06;3.02;3.046;3.046;812474;CTT.LS
2018-04-23;3.024;3.03;2.99;3.028;3.028;760296;CTT.LS
2018-04-24;3.028;3.09;3.01;3.062;3.062;1053145;CTT.LS
2018-04-25;3.06;3.082;3.04;3.052;3.052;554011;CTT.LS
2018-04-26;3.052;3.052;3.022;3.036;3.036;410615;CTT.LS
2018-04-27;3.038;3.048;3.01;3.03;3.03;697742;CTT.LS
2018-04-30;3.03;3.07;3.024;3.058;3.058;627762;CTT.LS
2018-05-02;3.064;3.108;3.048;3.052;3.052;925315;CTT.LS
2018-05-03;3.03;3.186;2.94;3.158;3.158;3445407;CTT.LS
2018-05-04;3.16;3.22;3.1;3.106;3.106;1872805;CTT.LS
2018-05-07;3.112;3.136;3.062;3.114;3.114;777215;CTT.LS
2018-05-08;3.134;3.146;3.1;3.142;3.142;1195458;CTT.LS
2018-05-09;3.15;3.22;3.146;3.198;3.198;2370276;CTT.LS
2018-05-10;3.214;3.218;3.172;3.178;3.178;1199337;CTT.LS
2018-05-11;3.19;3.22;3.154;3.214;3.214;1333565;CTT.LS
2018-05-14;3.23;3.276;3.23;3.252;3.252;1832853;CTT.LS
2018-05-15;3.258;3.274;3.192;3.242;3.242;3255412;CTT.LS
2018-05-16;2.95;3.018;2.846;2.928;2.928;4845785;CTT.LS
2018-05-17;2.936;2.978;2.914;2.97;2.97;1784112;CTT.LS
2018-05-18;2.978;2.986;2.94;2.952;2.952;1615305;CTT.LS
2018-05-21;2.96;3.028;2.93;2.984;2.984;1615567;CTT.LS
2018-05-22;2.992;3.024;2.936;2.958;2.958;1693610;CTT.LS
2018-05-23;2.946;2.972;2.91;2.914;2.914;1200475;CTT.LS
2018-05-24;2.926;2.926;2.866;2.892;2.892;953161;CTT.LS
2018-05-25;2.886;2.906;2.862;2.862;2.862;668725;CTT.LS
2018-05-28;2.864;2.878;2.816;2.838;2.838;524676;CTT.LS
2018-05-29;2.836;2.836;2.68;2.74;2.74;2225308;CTT.LS
2018-05-30;2.74;2.834;2.714;2.826;2.826;1256410;CTT.LS
2018-06-01;2.84;2.874;2.83;2.854;2.854;719702;CTT.LS
2018-06-04;2.86;2.872;2.84;2.842;2.842;426082;CTT.LS
2018-06-05;2.854;2.856;2.828;2.846;2.846;519006;CTT.LS
2018-06-06;2.838;2.866;2.822;2.858;2.858;705037;CTT.LS
2018-06-07;2.87;2.87;2.83;2.844;2.844;415578;CTT.LS
2018-06-08;2.83;2.83;2.786;2.81;2.81;711539;CTT.LS
2018-06-11;2.806;2.806;2.762;2.796;2.796;824868;CTT.LS
2018-06-12;2.794;2.91;2.76;2.91;2.91;1404769;CTT.LS
2018-06-13;2.916;2.916;2.872;2.9;2.9;964639;CTT.LS
2018-06-14;2.9;2.934;2.836;2.934;2.934;967246;CTT.LS
2018-06-15;2.94;3.02;2.904;2.938;2.938;2199357;CTT.LS
2018-06-18;2.938;2.96;2.91;2.956;2.956;736064;CTT.LS
2018-06-19;2.944;3.028;2.93;3.028;3.028;1692349;CTT.LS
2018-06-20;3.02;3.1;3.02;3.034;3.034;1464159;CTT.LS
2018-06-21;3.04;3.054;2.982;2.99;2.99;1122460;CTT.LS
2018-06-22;2.982;3.064;2.966;3.018;3.018;1399250;CTT.LS
2018-06-25;3.03;3.07;2.95;3.054;3.054;906507;CTT.LS
2018-06-26;3.034;3.052;3.002;3.032;3.032;629705;CTT.LS
2018-06-27;3.042;3.042;2.992;2.996;2.996;585722;CTT.LS
